"week_cut","stars","year","week","app"
2016-06-13,4,2016,24,"1"
2016-06-20,4,2016,25,"1"
2016-06-27,4,2016,26,"1"
2016-07-04,2.5,2016,27,"1"
2016-07-11,1,2016,28,"1"
2016-07-25,5,2016,30,"1"
2016-08-08,2.75,2016,32,"1"
2016-08-15,2.5,2016,33,"1"
2016-08-29,4.5,2016,35,"1"
2016-09-05,5,2016,36,"1"
2016-09-12,3,2016,37,"1"
2016-10-03,2.5,2016,40,"1"
2016-10-10,1,2016,41,"1"
2016-10-17,5,2016,42,"1"
2016-10-24,5,2016,43,"1"
2016-10-31,3,2016,44,"1"
2016-11-07,3,2016,45,"1"
2016-11-14,5,2016,46,"1"
2016-12-19,4,2016,51,"1"
2016-12-26,3.1,2016,52,"1"
2017-01-02,4,2017,1,"1"
2017-01-09,5,2017,2,"1"
2017-01-16,5,2017,3,"1"
2017-01-23,5,2017,4,"1"
2017-01-30,5,2017,5,"1"
2017-02-27,5,2017,9,"1"
2017-03-06,3.5,2017,10,"1"
2017-03-13,3,2017,11,"1"
2017-03-20,4,2017,12,"1"
2017-03-27,2,2017,13,"1"
2017-04-17,4.5,2017,16,"1"
2017-05-01,3.5,2017,18,"1"
2017-05-08,5,2017,19,"1"
2017-05-15,5,2017,20,"1"
2017-05-29,5,2017,22,"1"
2017-06-12,4,2017,24,"1"
2017-07-10,5,2017,28,"1"
2017-07-17,1,2017,29,"1"
2017-07-24,2,2017,30,"1"
2017-08-07,4,2017,32,"1"
2017-08-14,1,2017,33,"1"
2017-08-21,4,2017,34,"1"
2017-09-11,1,2017,37,"1"
2017-09-18,1,2017,38,"1"
2017-09-25,1,2017,39,"1"
2017-10-16,5,2017,42,"1"
2017-10-30,3,2017,44,"1"
2017-11-06,1,2017,45,"1"
2017-11-13,5,2017,46,"1"
2017-11-20,4,2017,47,"1"
2017-11-27,5,2017,48,"1"
2017-12-04,2,2017,49,"1"
2017-12-18,1,2017,51,"1"
2017-12-25,5,2017,52,"1"
2018-01-01,5,2018,1,"1"
2018-01-08,5,2018,2,"1"
2018-01-22,1,2018,4,"1"
2018-02-19,2.33333333333333,2018,8,"1"
2018-02-26,4,2018,9,"1"
2018-03-12,1,2018,11,"1"
2018-03-19,1,2018,12,"1"
2018-03-26,3.33333333333333,2018,13,"1"
2018-04-09,4.25,2018,15,"1"
2018-04-16,5,2018,16,"1"
2018-04-23,3.66666666666667,2018,17,"1"
2018-04-30,4,2018,18,"1"
2018-05-14,3,2018,20,"1"
2018-06-04,4,2018,23,"1"
2018-06-11,2.33333333333333,2018,24,"1"
2018-06-18,2,2018,25,"1"
2018-06-25,4,2018,26,"1"
2018-07-09,5,2018,28,"1"
2018-07-16,2,2018,29,"1"
2018-07-23,2,2018,30,"1"
2018-08-06,5,2018,32,"1"
2018-08-13,2,2018,33,"1"
2018-08-27,5,2018,35,"1"
2018-09-03,1.5,2018,36,"1"
2018-09-17,1,2018,38,"1"
2018-10-08,1,2018,41,"1"
2018-10-15,3,2018,42,"1"
2018-10-22,3,2018,43,"1"
2018-10-29,1,2018,44,"1"
2018-11-05,1,2018,45,"1"
2018-11-12,5,2018,46,"1"
2018-11-19,1,2018,47,"1"
2018-11-26,5,2018,48,"1"
2018-12-10,5,2018,50,"1"
2018-12-17,5,2018,51,"1"
2018-12-24,4.5,2018,52,"1"
2018-12-31,3.66666666666667,2018,53,"1"
2019-01-07,5,2019,1,"1"
2019-01-14,1,2019,2,"1"
2019-01-21,2.66666666666667,2019,3,"1"
2019-02-11,5,2019,6,"1"
2019-02-18,1,2019,7,"1"
2019-02-25,4,2019,8,"1"
2019-03-04,5,2019,9,"1"
2019-03-11,2.5,2019,10,"1"
2019-03-18,2,2019,11,"1"
2019-03-25,5,2019,12,"1"
2019-04-01,3.5,2019,13,"1"
2019-04-08,5,2019,14,"1"
2019-04-15,1,2019,15,"1"
2019-04-29,5,2019,17,"1"
2019-05-13,5,2019,19,"1"
2019-05-20,3,2019,20,"1"
2019-05-27,4,2019,21,"1"
2019-06-03,5,2019,22,"1"
2019-06-10,1,2019,23,"1"
2019-06-17,3.66666666666667,2019,24,"1"
2019-06-24,3.66666666666667,2019,25,"1"
2019-07-01,5,2019,26,"1"
2019-07-08,5,2019,27,"1"
2019-07-15,4.5,2019,28,"1"
2019-07-22,5,2019,29,"1"
2019-07-29,4.5,2019,30,"1"
2019-08-05,4.66666666666667,2019,31,"1"
2019-08-12,1,2019,32,"1"
2019-08-19,2,2019,33,"1"
2019-08-26,3.5,2019,34,"1"
2019-09-02,4,2019,35,"1"
2019-09-16,3,2019,37,"1"
2019-09-23,5,2019,38,"1"
2019-09-30,4.5,2019,39,"1"
2019-10-14,4.625,2019,41,"1"
2019-10-21,4,2019,42,"1"
2019-10-28,5,2019,43,"1"
2019-11-04,5,2019,44,"1"
2019-11-18,3.33333333333333,2019,46,"1"
2019-11-25,5,2019,47,"1"
2019-12-02,5,2019,48,"1"
2019-12-23,3,2019,51,"1"
2019-12-30,5,2019,52,"1"
2020-01-06,5,2020,1,"1"
2020-01-13,5,2020,2,"1"
2020-02-03,3.75,2020,5,"1"
2020-02-10,1,2020,6,"1"
2020-02-17,3,2020,7,"1"
2020-02-24,3,2020,8,"1"
2020-03-09,2.5,2020,10,"1"
2020-03-16,5,2020,11,"1"
2020-04-13,2.5,2020,15,"1"
2020-04-20,3,2020,16,"1"
2020-05-04,2,2020,18,"1"
2020-05-11,1,2020,19,"1"
2020-05-18,3,2020,20,"1"
2020-05-25,4,2020,21,"1"
2020-06-01,4,2020,22,"1"
2020-06-08,4.5,2020,23,"1"
2016-06-13,3.1969696969697,2016,24,"2"
2016-06-20,3.95119047619048,2016,25,"2"
2016-06-27,4.15725108225108,2016,26,"2"
2016-07-04,3.69833024118738,2016,27,"2"
2016-07-11,3.47845804988662,2016,28,"2"
2016-07-18,3.77188413827069,2016,29,"2"
2016-07-25,3.5249123891981,2016,30,"2"
2016-08-01,3.70770308123249,2016,31,"2"
2016-08-08,3.48415085332379,2016,32,"2"
2016-08-15,3.29878254332036,2016,33,"2"
2016-08-22,3.29321789321789,2016,34,"2"
2016-08-29,3.64829931972789,2016,35,"2"
2016-09-05,3.7706043956044,2016,36,"2"
2016-09-12,3.15162337662338,2016,37,"2"
2016-09-19,3.67068645640074,2016,38,"2"
2016-09-26,3.60307311735883,2016,39,"2"
2016-10-03,3.36700680272109,2016,40,"2"
2016-10-10,3.33888888888889,2016,41,"2"
2016-10-17,3.68550497121926,2016,42,"2"
2016-10-24,3.86116780045351,2016,43,"2"
2016-10-31,3.16706349206349,2016,44,"2"
2016-11-07,3.71553287981859,2016,45,"2"
2016-11-14,3.81805813234385,2016,46,"2"
2016-11-21,3.37587307650333,2016,47,"2"
2016-11-28,3.37702535559678,2016,48,"2"
2016-12-05,3.32650761936476,2016,49,"2"
2016-12-12,3.43061224489796,2016,50,"2"
2016-12-19,3.13499793856937,2016,51,"2"
2016-12-26,3.37097505668934,2016,52,"2"
2017-01-02,3.49404761904762,2017,1,"2"
2017-01-09,3.84353741496599,2017,2,"2"
2017-01-16,3.8452380952381,2017,3,"2"
2017-01-23,3.21731601731602,2017,4,"2"
2017-01-30,2.82380952380952,2017,5,"2"
2017-02-06,2.77857142857143,2017,6,"2"
2017-02-13,3.25646258503401,2017,7,"2"
2017-02-20,3.04308390022676,2017,8,"2"
2017-02-27,3.43412698412698,2017,9,"2"
2017-03-06,2.41836734693878,2017,10,"2"
2017-03-13,3.25272108843537,2017,11,"2"
2017-03-20,2.81785714285714,2017,12,"2"
2017-03-27,3.20702947845805,2017,13,"2"
2017-04-03,3.31785714285714,2017,14,"2"
2017-04-10,3.1484126984127,2017,15,"2"
2017-04-17,3.10550401978973,2017,16,"2"
2017-04-24,3.45907029478458,2017,17,"2"
2017-05-01,2.82142857142857,2017,18,"2"
2017-05-08,3.40516309087738,2017,19,"2"
2017-05-15,3.6921768707483,2017,20,"2"
2017-05-22,3.54365079365079,2017,21,"2"
2017-05-29,3.38622448979592,2017,22,"2"
2017-06-05,3.37857142857143,2017,23,"2"
2017-06-12,3.71904761904762,2017,24,"2"
2017-06-19,3.52579365079365,2017,25,"2"
2017-06-26,3.1,2017,26,"2"
2017-07-03,3.79047619047619,2017,27,"2"
2017-07-10,4.0328798185941,2017,28,"2"
2017-07-17,3.74353741496599,2017,29,"2"
2017-07-24,3.92891156462585,2017,30,"2"
2017-07-31,3.55300453514739,2017,31,"2"
2017-08-07,3.42369614512472,2017,32,"2"
2017-08-14,3.60753968253968,2017,33,"2"
2017-08-21,3.66904761904762,2017,34,"2"
2017-08-28,3.4687074829932,2017,35,"2"
2017-09-04,3.40034013605442,2017,36,"2"
2017-09-11,3.87074829931973,2017,37,"2"
2017-09-18,3.21900123685838,2017,38,"2"
2017-09-25,3.87290249433107,2017,39,"2"
2017-10-02,3.75925925925926,2017,40,"2"
2017-10-09,3.32329931972789,2017,41,"2"
2017-10-16,4.09047619047619,2017,42,"2"
2017-10-23,3.36734693877551,2017,43,"2"
2017-10-30,3.6202947845805,2017,44,"2"
2017-11-06,3.45510204081633,2017,45,"2"
2017-11-13,3.4234693877551,2017,46,"2"
2017-11-20,2.43174603174603,2017,47,"2"
2017-11-27,2.96258503401361,2017,48,"2"
2017-12-04,3.67857142857143,2017,49,"2"
2017-12-11,3.31292517006803,2017,50,"2"
2017-12-18,3.77448979591837,2017,51,"2"
2017-12-25,4.00566893424036,2017,52,"2"
2018-01-01,3.62380952380952,2018,1,"2"
2018-01-08,3.72142857142857,2018,2,"2"
2018-01-15,3.33333333333333,2018,3,"2"
2018-01-22,3.61706349206349,2018,4,"2"
2018-01-29,3.67857142857143,2018,5,"2"
2018-02-05,3.375,2018,6,"2"
2018-02-12,3.82777777777778,2018,7,"2"
2018-02-19,2.55555555555556,2018,8,"2"
2018-02-26,3.175,2018,9,"2"
2018-03-05,3.76190476190476,2018,10,"2"
2018-03-12,3.73214285714286,2018,11,"2"
2018-03-19,3.29285714285714,2018,12,"2"
2018-03-26,3.72380952380952,2018,13,"2"
2018-04-02,3.4047619047619,2018,14,"2"
2018-04-09,3.4547619047619,2018,15,"2"
2018-04-16,3.79251700680272,2018,16,"2"
2018-04-23,3.48398268398268,2018,17,"2"
2018-04-30,3.99166666666667,2018,18,"2"
2018-05-07,3.28571428571429,2018,19,"2"
2018-05-14,3.02380952380952,2018,20,"2"
2018-05-21,2.85277777777778,2018,21,"2"
2018-05-28,3.19387755102041,2018,22,"2"
2018-06-04,2.76785714285714,2018,23,"2"
2018-06-11,4.29761904761905,2018,24,"2"
2018-06-18,3.3812925170068,2018,25,"2"
2018-06-25,2.73061224489796,2018,26,"2"
2018-07-02,2.28231292517007,2018,27,"2"
2018-07-09,3.05272108843537,2018,28,"2"
2018-07-16,3.05793650793651,2018,29,"2"
2018-07-23,2.71428571428571,2018,30,"2"
2018-07-30,2.8047619047619,2018,31,"2"
2018-08-06,2.54416099773243,2018,32,"2"
2018-08-13,3.23979591836735,2018,33,"2"
2018-08-20,3.16558441558442,2018,34,"2"
2018-08-27,3.42857142857143,2018,35,"2"
2018-09-03,3.37687074829932,2018,36,"2"
2018-09-10,3.86621315192744,2018,37,"2"
2018-09-17,3.93809523809524,2018,38,"2"
2018-09-24,3.56428571428571,2018,39,"2"
2018-10-01,3.50992063492063,2018,40,"2"
2018-10-08,4.07460317460317,2018,41,"2"
2018-10-15,3.25714285714286,2018,42,"2"
2018-10-22,3.93707482993197,2018,43,"2"
2018-10-29,3.54166666666667,2018,44,"2"
2018-11-05,4.06666666666667,2018,45,"2"
2018-11-12,3.78095238095238,2018,46,"2"
2018-11-19,3.66921768707483,2018,47,"2"
2018-11-26,3.50034013605442,2018,48,"2"
2018-12-03,3.51190476190476,2018,49,"2"
2018-12-10,4.53571428571429,2018,50,"2"
2018-12-17,4.13095238095238,2018,51,"2"
2018-12-24,2.62261904761905,2018,52,"2"
2018-12-31,3.2,2018,53,"2"
2019-01-07,3.27482993197279,2019,1,"2"
2019-01-14,4.48809523809524,2019,2,"2"
2019-01-21,3.43537414965986,2019,3,"2"
2019-01-28,3.32857142857143,2019,4,"2"
2019-02-04,4.3812925170068,2019,5,"2"
2019-02-11,3.4202380952381,2019,6,"2"
2019-02-18,3.69573283858998,2019,7,"2"
2019-02-25,3.56037414965986,2019,8,"2"
2019-03-04,3.58095238095238,2019,9,"2"
2019-03-11,3.70294784580499,2019,10,"2"
2019-03-18,4.15442176870748,2019,11,"2"
2019-03-25,3.81024531024531,2019,12,"2"
2019-04-01,4.08571428571429,2019,13,"2"
2019-04-08,3.98367346938775,2019,14,"2"
2019-04-15,3.88503401360544,2019,15,"2"
2019-04-22,3.83877551020408,2019,16,"2"
2019-04-29,2.58520408163265,2019,17,"2"
2019-05-06,2.84476911976912,2019,18,"2"
2019-05-13,3.54350649350649,2019,19,"2"
2019-05-20,3.6484693877551,2019,20,"2"
2019-05-27,3.4,2019,21,"2"
2019-06-03,4.02380952380952,2019,22,"2"
2019-06-10,3.19472789115646,2019,23,"2"
2019-06-17,3.41904761904762,2019,24,"2"
2019-06-24,3.82256235827664,2019,25,"2"
2019-07-01,3.95015698587127,2019,26,"2"
2019-07-08,3.34829931972789,2019,27,"2"
2019-07-15,3.36547619047619,2019,28,"2"
2019-07-22,4.1047619047619,2019,29,"2"
2019-07-29,3.88650793650794,2019,30,"2"
2019-08-05,4.07467532467532,2019,31,"2"
2019-08-12,4.03636363636364,2019,32,"2"
2019-08-19,3.46941391941392,2019,33,"2"
2019-08-26,3.68571428571429,2019,34,"2"
2019-09-02,3.84024943310658,2019,35,"2"
2019-09-09,4.09523809523809,2019,36,"2"
2019-09-16,3.73492063492063,2019,37,"2"
2019-09-23,3.875,2019,38,"2"
2019-09-30,3.99761904761905,2019,39,"2"
2019-10-07,3.8,2019,40,"2"
2019-10-14,3.41666666666667,2019,41,"2"
2019-10-21,3.60592463092463,2019,42,"2"
2019-10-28,3.70521541950113,2019,43,"2"
2019-11-04,3.78843537414966,2019,44,"2"
2019-11-11,3.11904761904762,2019,45,"2"
2019-11-18,3.44331065759637,2019,46,"2"
2019-11-25,3.73095238095238,2019,47,"2"
2019-12-02,3.62380952380952,2019,48,"2"
2019-12-09,3.9515306122449,2019,49,"2"
2019-12-16,3.74206349206349,2019,50,"2"
2019-12-23,3.68968253968254,2019,51,"2"
2019-12-30,4.09126984126984,2019,52,"2"
2020-01-06,4.15238095238095,2020,1,"2"
2020-01-13,2.71904761904762,2020,2,"2"
2020-01-20,3.00975056689342,2020,3,"2"
2020-01-27,3.62244897959184,2020,4,"2"
2020-02-03,3.27142857142857,2020,5,"2"
2020-02-10,2.81927437641723,2020,6,"2"
2020-02-17,3.14047619047619,2020,7,"2"
2020-02-24,3.53095238095238,2020,8,"2"
2020-03-02,3.17131519274376,2020,9,"2"
2020-03-09,3.45238095238095,2020,10,"2"
2020-03-16,3.1547619047619,2020,11,"2"
2020-03-23,3.77063492063492,2020,12,"2"
2020-03-30,3.15,2020,13,"2"
2020-04-06,3.25,2020,14,"2"
2020-04-13,3.6547619047619,2020,15,"2"
2020-04-20,3.43571428571429,2020,16,"2"
2020-04-27,3.74166666666667,2020,17,"2"
2020-05-04,3.65952380952381,2020,18,"2"
2020-05-11,3.42037037037037,2020,19,"2"
2020-05-18,3.16333333333333,2020,20,"2"
2020-05-25,3.12244897959184,2020,21,"2"
2020-06-01,3.32426303854875,2020,22,"2"
2020-06-08,3.36111111111111,2020,23,"2"
2020-06-15,2.7,2020,24,"2"
2016-06-13,3.91666666666667,2016,24,"3"
2016-06-20,4.03571428571429,2016,25,"3"
2016-06-27,4.23333333333333,2016,26,"3"
2016-07-04,3.19047619047619,2016,27,"3"
2016-07-11,3.88095238095238,2016,28,"3"
2016-07-18,3.5,2016,29,"3"
2016-07-25,4.11904761904762,2016,30,"3"
2016-08-01,3.9952380952381,2016,31,"3"
2016-08-08,3.58333333333333,2016,32,"3"
2016-08-15,3.9,2016,33,"3"
2016-08-22,4.17857142857143,2016,34,"3"
2016-08-29,3.64285714285714,2016,35,"3"
2016-09-05,4.4212962962963,2016,36,"3"
2016-09-12,3.75,2016,37,"3"
2016-09-19,3.68809523809524,2016,38,"3"
2016-09-26,3.22380952380952,2016,39,"3"
2016-10-03,3.83333333333333,2016,40,"3"
2016-10-10,3.89444444444444,2016,41,"3"
2016-10-17,3.68055555555556,2016,42,"3"
2016-10-24,3.61904761904762,2016,43,"3"
2016-10-31,4.20833333333333,2016,44,"3"
2016-11-07,3.625,2016,45,"3"
2016-11-14,4.35555555555556,2016,46,"3"
2016-11-21,2.43333333333333,2016,47,"3"
2016-11-28,4.15476190476191,2016,48,"3"
2016-12-05,4.67857142857143,2016,49,"3"
2016-12-12,4.36111111111111,2016,50,"3"
2016-12-19,4.22448979591837,2016,51,"3"
2016-12-26,3.79285714285714,2016,52,"3"
2017-01-02,4.04761904761905,2017,1,"3"
2017-01-09,3.58421052631579,2017,2,"3"
2017-01-16,3.20549886621315,2017,3,"3"
2017-01-23,3.21841372912801,2017,4,"3"
2017-01-30,3.31550304332259,2017,5,"3"
2017-02-06,3.71904761904762,2017,6,"3"
2017-02-13,3.44041950113379,2017,7,"3"
2017-02-20,3.61224489795918,2017,8,"3"
2017-02-27,4.23809523809524,2017,9,"3"
2017-03-06,2.54285714285714,2017,10,"3"
2017-03-13,4.12755102040816,2017,11,"3"
2017-03-20,4.11054421768707,2017,12,"3"
2017-03-27,3.59722222222222,2017,13,"3"
2017-04-03,3.55952380952381,2017,14,"3"
2017-04-10,3.50238095238095,2017,15,"3"
2017-04-17,3.7547619047619,2017,16,"3"
2017-04-24,3.89285714285714,2017,17,"3"
2017-05-01,3.16666666666667,2017,18,"3"
2017-05-08,3.67777777777778,2017,19,"3"
2017-05-15,4.16468253968254,2017,20,"3"
2017-05-22,3.83333333333333,2017,21,"3"
2017-05-29,3.83333333333333,2017,22,"3"
2017-06-05,3.48055555555556,2017,23,"3"
2017-06-12,3.23571428571429,2017,24,"3"
2017-06-19,3.7625,2017,25,"3"
2017-06-26,4.31111111111111,2017,26,"3"
2017-07-03,3.33333333333333,2017,27,"3"
2017-07-10,4.17857142857143,2017,28,"3"
2017-07-17,3.02380952380952,2017,29,"3"
2017-07-24,3.68571428571429,2017,30,"3"
2017-07-31,3.01547619047619,2017,31,"3"
2017-08-07,3.22222222222222,2017,32,"3"
2017-08-14,2.97891156462585,2017,33,"3"
2017-08-21,3.89761904761905,2017,34,"3"
2017-08-28,3.17380952380952,2017,35,"3"
2017-09-04,3.01666666666667,2017,36,"3"
2017-09-11,3.66666666666667,2017,37,"3"
2017-09-18,4.33888888888889,2017,38,"3"
2017-09-25,3.47619047619048,2017,39,"3"
2017-10-02,3,2017,40,"3"
2017-10-09,3.98611111111111,2017,41,"3"
2017-10-16,4.41666666666667,2017,42,"3"
2017-10-23,3.86666666666667,2017,43,"3"
2017-10-30,4.27619047619048,2017,44,"3"
2017-11-06,4.45,2017,45,"3"
2017-11-13,3.17142857142857,2017,46,"3"
2017-11-20,3.88,2017,47,"3"
2017-11-27,3.625,2017,48,"3"
2017-12-04,4.26666666666667,2017,49,"3"
2017-12-11,4.1,2017,50,"3"
2017-12-18,3.83333333333333,2017,51,"3"
2017-12-25,2.375,2017,52,"3"
2018-01-01,4.21904761904762,2018,1,"3"
2018-01-08,4.03055555555556,2018,2,"3"
2018-01-15,2.4375,2018,3,"3"
2018-01-22,3.22222222222222,2018,4,"3"
2018-01-29,3.6,2018,5,"3"
2018-02-05,3.83333333333333,2018,6,"3"
2018-02-12,3.38095238095238,2018,7,"3"
2018-02-19,4.5,2018,8,"3"
2018-02-26,4.22222222222222,2018,9,"3"
2018-03-05,3.13888888888889,2018,10,"3"
2018-03-12,3.33333333333333,2018,11,"3"
2018-03-19,3.86666666666667,2018,12,"3"
2018-03-26,2.63888888888889,2018,13,"3"
2018-04-02,3.05333333333333,2018,14,"3"
2018-04-09,3.4047619047619,2018,15,"3"
2018-04-16,3.8,2018,16,"3"
2018-04-23,3.29166666666667,2018,17,"3"
2018-04-30,3.30555555555556,2018,18,"3"
2018-05-07,3.8,2018,19,"3"
2018-05-14,2.75,2018,20,"3"
2018-05-21,3.8125,2018,21,"3"
2018-05-28,2.77777777777778,2018,22,"3"
2018-06-04,3.51388888888889,2018,23,"3"
2018-06-11,3.44444444444444,2018,24,"3"
2018-06-18,3.66666666666667,2018,25,"3"
2018-06-25,3.58333333333333,2018,26,"3"
2018-07-02,4.53333333333333,2018,27,"3"
2018-07-09,3.62857142857143,2018,28,"3"
2018-07-16,3.52777777777778,2018,29,"3"
2018-07-23,4.23611111111111,2018,30,"3"
2018-07-30,4.35714285714286,2018,31,"3"
2018-08-06,3.41904761904762,2018,32,"3"
2018-08-13,3.15277777777778,2018,33,"3"
2018-08-20,3.91666666666667,2018,34,"3"
2018-08-27,3.33333333333333,2018,35,"3"
2018-09-03,4.5,2018,36,"3"
2018-09-10,3.75,2018,37,"3"
2018-09-17,2.22222222222222,2018,38,"3"
2018-09-24,1.78333333333333,2018,39,"3"
2018-10-01,2.95833333333333,2018,40,"3"
2018-10-08,4.26388888888889,2018,41,"3"
2018-10-15,4.33333333333333,2018,42,"3"
2018-10-22,4.125,2018,43,"3"
2018-10-29,3.1,2018,44,"3"
2018-11-05,4.62,2018,45,"3"
2018-11-12,3.96666666666667,2018,46,"3"
2018-11-19,4.7,2018,47,"3"
2018-11-26,3.1,2018,48,"3"
2018-12-03,2.875,2018,49,"3"
2018-12-10,3.83333333333333,2018,50,"3"
2018-12-17,4.02857142857143,2018,51,"3"
2018-12-24,4.3,2018,52,"3"
2018-12-31,4.36111111111111,2018,53,"3"
2019-01-07,3.52380952380952,2019,1,"3"
2019-01-14,3.25,2019,2,"3"
2019-01-21,3.7,2019,3,"3"
2019-01-28,3.05555555555556,2019,4,"3"
2019-02-04,3.61883116883117,2019,5,"3"
2019-02-11,3.05097402597403,2019,6,"3"
2019-02-18,3.37295918367347,2019,7,"3"
2019-02-25,3.04353741496599,2019,8,"3"
2019-03-04,3.2734126984127,2019,9,"3"
2019-03-11,3.31547619047619,2019,10,"3"
2019-03-18,3.01190476190476,2019,11,"3"
2019-03-25,3.18809523809524,2019,12,"3"
2019-04-01,2.87414965986395,2019,13,"3"
2019-04-08,3.42517006802721,2019,14,"3"
2019-04-15,3.56666666666667,2019,15,"3"
2019-04-22,4.39761904761905,2019,16,"3"
2019-04-29,2.64444444444444,2019,17,"3"
2019-05-06,3.39444444444444,2019,18,"3"
2019-05-13,3.75068027210884,2019,19,"3"
2019-05-20,3.19444444444444,2019,20,"3"
2019-05-27,3.4156462585034,2019,21,"3"
2019-06-03,3.18333333333333,2019,22,"3"
2019-06-10,2.26984126984127,2019,23,"3"
2019-06-17,2.77800453514739,2019,24,"3"
2019-06-24,2.89444444444444,2019,25,"3"
2019-07-01,2.80952380952381,2019,26,"3"
2019-07-08,3.57448979591837,2019,27,"3"
2019-07-15,3.19444444444444,2019,28,"3"
2019-07-22,3.7952380952381,2019,29,"3"
2019-07-29,3.00194805194805,2019,30,"3"
2019-08-05,3.40796703296703,2019,31,"3"
2019-08-12,3.4718253968254,2019,32,"3"
2019-08-19,3.43809523809524,2019,33,"3"
2019-08-26,3.41989795918367,2019,34,"3"
2019-09-02,2.52380952380952,2019,35,"3"
2019-09-09,3.7,2019,36,"3"
2019-09-16,3.38095238095238,2019,37,"3"
2019-09-23,2.96666666666667,2019,38,"3"
2019-09-30,3.16071428571429,2019,39,"3"
2019-10-07,3.6547619047619,2019,40,"3"
2019-10-14,4.28571428571429,2019,41,"3"
2019-10-21,3.26262626262626,2019,42,"3"
2019-10-28,3.44047619047619,2019,43,"3"
2019-11-04,2.77380952380952,2019,44,"3"
2019-11-11,3.0952380952381,2019,45,"3"
2019-11-18,2.73809523809524,2019,46,"3"
2019-11-25,4.25,2019,47,"3"
2019-12-02,3.61598639455782,2019,48,"3"
2019-12-09,3.9,2019,49,"3"
2019-12-16,2.88095238095238,2019,50,"3"
2019-12-23,3.34444444444444,2019,51,"3"
2019-12-30,3.48809523809524,2019,52,"3"
2020-01-06,3.31428571428571,2020,1,"3"
2020-01-13,3.33333333333333,2020,2,"3"
2020-01-20,3.79047619047619,2020,3,"3"
2020-01-27,3.47222222222222,2020,4,"3"
2020-02-03,3.63730158730159,2020,5,"3"
2020-02-10,2.75714285714286,2020,6,"3"
2020-02-17,3.19047619047619,2020,7,"3"
2020-02-24,3.57142857142857,2020,8,"3"
2020-03-02,3.49444444444444,2020,9,"3"
2020-03-09,3.39285714285714,2020,10,"3"
2020-03-16,3.33333333333333,2020,11,"3"
2020-03-23,2.91666666666667,2020,12,"3"
2020-03-30,3.56666666666667,2020,13,"3"
2020-04-06,3.72222222222222,2020,14,"3"
2020-04-13,3.06944444444444,2020,15,"3"
2020-04-20,3.10833333333333,2020,16,"3"
2020-04-27,2.79761904761905,2020,17,"3"
2020-05-04,3.5,2020,18,"3"
2020-05-11,2.72142857142857,2020,19,"3"
2020-05-18,3,2020,20,"3"
2020-05-25,3.81944444444444,2020,21,"3"
2020-06-01,4.11111111111111,2020,22,"3"
2020-06-08,2.85714285714286,2020,23,"3"
2020-06-15,3.66666666666667,2020,24,"3"
2016-06-13,3.85,2016,24,"4"
2016-06-20,2.0625,2016,25,"4"
2016-06-27,3.61111111111111,2016,26,"4"
2016-07-04,3.20833333333333,2016,27,"4"
2016-07-11,2.72619047619048,2016,28,"4"
2016-07-18,3.83333333333333,2016,29,"4"
2016-07-25,3.06666666666667,2016,30,"4"
2016-08-01,3.41666666666667,2016,31,"4"
2016-08-08,3.625,2016,32,"4"
2016-08-15,3.5,2016,33,"4"
2016-08-22,2.36111111111111,2016,34,"4"
2016-08-29,2.58333333333333,2016,35,"4"
2016-09-05,3.13888888888889,2016,36,"4"
2016-09-12,3.9,2016,37,"4"
2016-09-19,3.71666666666667,2016,38,"4"
2016-09-26,2.83333333333333,2016,39,"4"
2016-10-03,3.2,2016,40,"4"
2016-10-10,3.83333333333333,2016,41,"4"
2016-10-17,4.36428571428571,2016,42,"4"
2016-10-24,4.2,2016,43,"4"
2016-10-31,3.3,2016,44,"4"
2016-11-07,4.5,2016,45,"4"
2016-11-14,3.33333333333333,2016,46,"4"
2016-11-21,3.9,2016,47,"4"
2016-11-28,4.25,2016,48,"4"
2016-12-05,2.80555555555556,2016,49,"4"
2016-12-12,2.5,2016,50,"4"
2016-12-19,3.5,2016,51,"4"
2016-12-26,3.33333333333333,2016,52,"4"
2017-01-02,3.75,2017,1,"4"
2017-01-09,3.66666666666667,2017,2,"4"
2017-01-16,3.25,2017,3,"4"
2017-01-23,2.75,2017,4,"4"
2017-01-30,3.75,2017,5,"4"
2017-02-06,3.9,2017,6,"4"
2017-02-13,2.5,2017,7,"4"
2017-02-20,4.22222222222222,2017,8,"4"
2017-02-27,2,2017,9,"4"
2017-03-06,2.58333333333333,2017,10,"4"
2017-03-13,4.33333333333333,2017,11,"4"
2017-03-20,3.75,2017,12,"4"
2017-03-27,1.94444444444444,2017,13,"4"
2017-04-03,1.83333333333333,2017,14,"4"
2017-04-10,3.33333333333333,2017,15,"4"
2017-04-17,3,2017,16,"4"
2017-04-24,5,2017,17,"4"
2017-05-01,3.75,2017,18,"4"
2017-05-08,4.33333333333333,2017,19,"4"
2017-05-15,3.83333333333333,2017,20,"4"
2017-05-22,3.04,2017,21,"4"
2017-05-29,2.43333333333333,2017,22,"4"
2017-06-05,2.7,2017,23,"4"
2017-06-12,2.3,2017,24,"4"
2017-06-19,3.30555555555556,2017,25,"4"
2017-06-26,2.83333333333333,2017,26,"4"
2017-07-03,2.16666666666667,2017,27,"4"
2017-07-10,1.83333333333333,2017,28,"4"
2017-07-17,2.64285714285714,2017,29,"4"
2017-07-24,2.03333333333333,2017,30,"4"
2017-07-31,3.38888888888889,2017,31,"4"
2017-08-07,2.43055555555556,2017,32,"4"
2017-08-14,1.44444444444444,2017,33,"4"
2017-08-21,2.26666666666667,2017,34,"4"
2017-08-28,2,2017,35,"4"
2017-09-04,1.86666666666667,2017,36,"4"
2017-09-11,1.25,2017,37,"4"
2017-09-18,3.25,2017,38,"4"
2017-09-25,3,2017,39,"4"
2017-10-02,1.66666666666667,2017,40,"4"
2017-10-09,1.8125,2017,41,"4"
2017-10-16,2.85,2017,42,"4"
2017-10-23,1.66666666666667,2017,43,"4"
2017-10-30,2.41666666666667,2017,44,"4"
2017-11-06,1.93333333333333,2017,45,"4"
2017-11-13,2.5,2017,46,"4"
2017-11-20,1.83333333333333,2017,47,"4"
2017-11-27,3.16666666666667,2017,48,"4"
2017-12-04,2.75,2017,49,"4"
2017-12-11,1.85416666666667,2017,50,"4"
2017-12-18,4.3,2017,51,"4"
2017-12-25,2.33333333333333,2017,52,"4"
2018-01-01,2.38888888888889,2018,1,"4"
2018-01-08,3.29166666666667,2018,2,"4"
2018-01-15,4.4,2018,3,"4"
2018-01-22,1,2018,4,"4"
2018-01-29,2.5,2018,5,"4"
2018-02-05,3,2018,6,"4"
2018-02-12,3.5,2018,7,"4"
2018-02-19,2.375,2018,8,"4"
2018-02-26,3.5,2018,9,"4"
2018-03-05,3,2018,10,"4"
2018-03-12,1.25,2018,11,"4"
2018-03-19,4,2018,12,"4"
2018-03-26,2.5,2018,13,"4"
2018-04-02,2.5,2018,14,"4"
2018-04-09,3.5,2018,15,"4"
2018-04-16,3,2018,16,"4"
2018-04-23,3.5,2018,17,"4"
2018-04-30,1,2018,18,"4"
2018-05-07,4.5,2018,19,"4"
2018-05-14,2.8,2018,20,"4"
2018-05-21,4,2018,21,"4"
2018-05-28,4,2018,22,"4"
2018-06-04,4,2018,23,"4"
2018-06-11,3,2018,24,"4"
2018-06-18,2,2018,25,"4"
2018-06-25,3,2018,26,"4"
2018-07-02,2.33333333333333,2018,27,"4"
2018-07-09,2.66666666666667,2018,28,"4"
2018-07-16,2.06666666666667,2018,29,"4"
2018-07-23,1.83333333333333,2018,30,"4"
2018-07-30,4.5,2018,31,"4"
2018-08-06,3.25,2018,32,"4"
2018-08-13,2.75,2018,33,"4"
2018-08-20,2.625,2018,34,"4"
2018-08-27,2.5,2018,35,"4"
2018-09-03,5,2018,36,"4"
2018-09-10,2.5,2018,37,"4"
2018-09-17,3,2018,38,"4"
2018-09-24,1.66666666666667,2018,39,"4"
2018-10-01,4,2018,40,"4"
2018-10-08,3,2018,41,"4"
2018-10-15,5,2018,42,"4"
2018-10-22,4.33333333333333,2018,43,"4"
2018-10-29,5,2018,44,"4"
2018-11-05,4,2018,45,"4"
2018-11-12,3,2018,46,"4"
2018-11-19,3.66666666666667,2018,47,"4"
2018-11-26,3,2018,48,"4"
2018-12-03,2,2018,49,"4"
2018-12-10,1.5,2018,50,"4"
2018-12-17,1,2018,51,"4"
2018-12-31,2,2018,53,"4"
2019-01-07,1,2019,1,"4"
2019-01-14,3,2019,2,"4"
2019-01-21,3,2019,3,"4"
2019-01-28,1.8,2019,4,"4"
2019-02-04,4.5,2019,5,"4"
2019-02-11,2.33333333333333,2019,6,"4"
2019-02-25,3.33333333333333,2019,8,"4"
2019-03-04,1,2019,9,"4"
2019-03-11,1.25,2019,10,"4"
2019-03-18,3,2019,11,"4"
2019-03-25,2.66666666666667,2019,12,"4"
2019-04-01,1,2019,13,"4"
2019-04-08,5,2019,14,"4"
2019-04-15,4,2019,15,"4"
2019-04-22,1.33333333333333,2019,16,"4"
2019-04-29,3,2019,17,"4"
2019-05-06,2,2019,18,"4"
2019-05-20,2,2019,20,"4"
2019-05-27,3.41666666666667,2019,21,"4"
2019-06-03,4,2019,22,"4"
2019-06-10,2.75,2019,23,"4"
2019-06-17,3.16666666666667,2019,24,"4"
2019-06-24,2.5,2019,25,"4"
2019-07-01,2.33333333333333,2019,26,"4"
2019-07-08,2.86666666666667,2019,27,"4"
2019-07-15,2.5,2019,28,"4"
2019-07-22,2.33333333333333,2019,29,"4"
2019-07-29,4.25,2019,30,"4"
2019-08-05,2,2019,31,"4"
2019-08-12,1.33333333333333,2019,32,"4"
2019-08-26,5,2019,34,"4"
2019-09-02,3.33333333333333,2019,35,"4"
2019-09-09,1.33333333333333,2019,36,"4"
2019-09-16,2.33333333333333,2019,37,"4"
2019-09-23,4.5,2019,38,"4"
2019-09-30,4,2019,39,"4"
2019-10-07,2.33333333333333,2019,40,"4"
2019-10-14,1.75,2019,41,"4"
2019-10-21,4,2019,42,"4"
2019-10-28,5,2019,43,"4"
2019-11-04,3.5,2019,44,"4"
2019-11-11,5,2019,45,"4"
2019-11-18,3,2019,46,"4"
2019-11-25,5,2019,47,"4"
2019-12-09,1,2019,49,"4"
2019-12-23,1,2019,51,"4"
2019-12-30,5,2019,52,"4"
2020-01-13,3,2020,2,"4"
2020-01-20,1,2020,3,"4"
2020-01-27,2,2020,4,"4"
2020-02-03,5,2020,5,"4"
2020-02-17,3,2020,7,"4"
2020-02-24,2.66666666666667,2020,8,"4"
2020-03-02,3,2020,9,"4"
2020-03-09,3,2020,10,"4"
2020-03-16,3,2020,11,"4"
2020-04-06,2.33333333333333,2020,14,"4"
2020-04-13,1,2020,15,"4"
2020-04-20,1,2020,16,"4"
2020-04-27,3.22222222222222,2020,17,"4"
2020-05-04,3,2020,18,"4"
2020-05-11,1.5,2020,19,"4"
2020-05-18,4.5,2020,20,"4"
2020-06-01,2.5,2020,22,"4"
2020-06-08,5,2020,23,"4"
2020-06-15,1,2020,24,"4"
2016-06-13,4.46010726652607,2016,24,"5"
2016-06-20,4.24909170287313,2016,25,"5"
2016-06-27,4.4407040091553,2016,26,"5"
2016-07-04,4.43193300416488,2016,27,"5"
2016-07-11,4.4448252930923,2016,28,"5"
2016-07-18,4.33048509030652,2016,29,"5"
2016-07-25,4.41513666405623,2016,30,"5"
2016-08-01,4.3493063715619,2016,31,"5"
2016-08-08,4.32286018357447,2016,32,"5"
2016-08-15,4.48907842474619,2016,33,"5"
2016-08-22,4.36098523588197,2016,34,"5"
2016-08-29,4.38852902937421,2016,35,"5"
2016-09-05,4.57322052827963,2016,36,"5"
2016-09-12,4.51059595928017,2016,37,"5"
2016-09-19,4.37094102695606,2016,38,"5"
2016-09-26,4.54109290774991,2016,39,"5"
2016-10-03,4.39140420331985,2016,40,"5"
2016-10-10,4.37400051398117,2016,41,"5"
2016-10-17,4.33574863970863,2016,42,"5"
2016-10-24,4.45598682200186,2016,43,"5"
2016-10-31,4.45635022870655,2016,44,"5"
2016-11-07,4.51840638569843,2016,45,"5"
2016-11-14,4.52798801924618,2016,46,"5"
2016-11-21,4.55245385734325,2016,47,"5"
2016-11-28,4.45840823814386,2016,48,"5"
2016-12-05,4.27400922379252,2016,49,"5"
2016-12-12,4.35264242012102,2016,50,"5"
2016-12-19,4.39815908282807,2016,51,"5"
2016-12-26,4.41602640335893,2016,52,"5"
2017-01-02,4.42999274099884,2017,1,"5"
2017-01-09,4.58024938269904,2017,2,"5"
2017-01-16,4.4448099929627,2017,3,"5"
2017-01-23,4.41297801547869,2017,4,"5"
2017-01-30,4.50695692222008,2017,5,"5"
2017-02-06,4.26984853519158,2017,6,"5"
2017-02-13,4.41432178932179,2017,7,"5"
2017-02-20,4.43743134860947,2017,8,"5"
2017-02-27,4.30808113843828,2017,9,"5"
2017-03-06,4.45800865800866,2017,10,"5"
2017-03-13,4.29267606099904,2017,11,"5"
2017-03-20,4.42534185391328,2017,12,"5"
2017-03-27,4.4077663101854,2017,13,"5"
2017-04-03,4.5347447261733,2017,14,"5"
2017-04-10,4.44298274865502,2017,15,"5"
2017-04-17,4.39242308555071,2017,16,"5"
2017-04-24,4.36909368826662,2017,17,"5"
2017-05-01,4.30069588221762,2017,18,"5"
2017-05-08,4.17817454284846,2017,19,"5"
2017-05-15,4.1826497410531,2017,20,"5"
2017-05-22,4.25254121846851,2017,21,"5"
2017-05-29,4.31647395800425,2017,22,"5"
2017-06-05,4.20048809974918,2017,23,"5"
2017-06-12,4.29933371950179,2017,24,"5"
2017-06-19,4.12653235653236,2017,25,"5"
2017-06-26,4.42028572460588,2017,26,"5"
2017-07-03,4.2581482518238,2017,27,"5"
2017-07-10,4.53562511007479,2017,28,"5"
2017-07-17,4.24663836826597,2017,29,"5"
2017-07-24,4.29295358129937,2017,30,"5"
2017-07-31,4.37588565032174,2017,31,"5"
2017-08-07,4.54544250692027,2017,32,"5"
2017-08-14,4.22213125849635,2017,33,"5"
2017-08-21,4.43193665521177,2017,34,"5"
2017-08-28,4.43253271510453,2017,35,"5"
2017-09-04,4.54866718637388,2017,36,"5"
2017-09-11,4.49852378227277,2017,37,"5"
2017-09-18,4.3418587243175,2017,38,"5"
2017-09-25,4.37211389572551,2017,39,"5"
2017-10-02,4.37028007788224,2017,40,"5"
2017-10-09,4.48186613248725,2017,41,"5"
2017-10-16,4.36072623029145,2017,42,"5"
2017-10-23,4.43150793650794,2017,43,"5"
2017-10-30,4.45545293216101,2017,44,"5"
2017-11-06,4.33976046558974,2017,45,"5"
2017-11-13,4.11552190045979,2017,46,"5"
2017-11-20,4.25098116169545,2017,47,"5"
2017-11-27,4.3190531273238,2017,48,"5"
2017-12-04,4.34618987946056,2017,49,"5"
2017-12-11,4.14615757234068,2017,50,"5"
2017-12-18,4.10595238095238,2017,51,"5"
2017-12-25,4.26232787801111,2017,52,"5"
2018-01-01,4.33296151794051,2018,1,"5"
2018-01-08,4.4141156462585,2018,2,"5"
2018-01-15,4.27636135794031,2018,3,"5"
2018-01-22,4.28703544104002,2018,4,"5"
2018-01-29,4.47209176160583,2018,5,"5"
2018-02-05,4.2961926961927,2018,6,"5"
2018-02-12,4.41562921205778,2018,7,"5"
2018-02-19,4.26336226798412,2018,8,"5"
2018-02-26,4.23001516396032,2018,9,"5"
2018-03-05,4.43734819102466,2018,10,"5"
2018-03-12,4.29171820243249,2018,11,"5"
2018-03-19,4.09416773702488,2018,12,"5"
2018-03-26,4.10146690255049,2018,13,"5"
2018-04-02,4.25254407983289,2018,14,"5"
2018-04-09,4.15029743108561,2018,15,"5"
2018-04-16,4.3024975024975,2018,16,"5"
2018-04-23,4.38864331157564,2018,17,"5"
2018-04-30,4.29135006720146,2018,18,"5"
2018-05-07,4.23490523678494,2018,19,"5"
2018-05-14,4.21948779511805,2018,20,"5"
2018-05-21,4.35241147741148,2018,21,"5"
2018-05-28,4.14047064047064,2018,22,"5"
2018-06-04,4.43853193590036,2018,23,"5"
2018-06-11,4.37258852258852,2018,24,"5"
2018-06-18,4.15848959937306,2018,25,"5"
2018-06-25,4.30391788294265,2018,26,"5"
2018-07-02,4.33347734137208,2018,27,"5"
2018-07-09,4.33088136984643,2018,28,"5"
2018-07-16,4.43926482873851,2018,29,"5"
2018-07-23,4.4534298762151,2018,30,"5"
2018-07-30,4.08023975806258,2018,31,"5"
2018-08-06,4.25997899159664,2018,32,"5"
2018-08-13,4.22776193852231,2018,33,"5"
2018-08-20,4.10009913056132,2018,34,"5"
2018-08-27,4.20849206349206,2018,35,"5"
2018-09-03,4.31881444652876,2018,36,"5"
2018-09-10,4.53757608306481,2018,37,"5"
2018-09-17,4.35067610960468,2018,38,"5"
2018-09-24,4.4010136663361,2018,39,"5"
2018-10-01,4.29070929070929,2018,40,"5"
2018-10-08,4.38090605472958,2018,41,"5"
2018-10-15,4.20651491365777,2018,42,"5"
2018-10-22,4.40158819938232,2018,43,"5"
2018-10-29,4.29656058227487,2018,44,"5"
2018-11-05,4.49619963369963,2018,45,"5"
2018-11-12,4.35784597239706,2018,46,"5"
2018-11-19,4.42126984126984,2018,47,"5"
2018-11-26,4.66883937785641,2018,48,"5"
2018-12-03,4.24524871264002,2018,49,"5"
2018-12-10,4.2653953889248,2018,50,"5"
2018-12-17,4.13273948273948,2018,51,"5"
2018-12-24,4.19669497169497,2018,52,"5"
2018-12-31,4.18049168385303,2018,53,"5"
2019-01-07,4.06275510204082,2019,1,"5"
2019-01-14,4.28662131519274,2019,2,"5"
2019-01-21,4.12499918995938,2019,3,"5"
2019-01-28,4.0308905380334,2019,4,"5"
2019-02-04,4.43499104343932,2019,5,"5"
2019-02-11,4.46051337551338,2019,6,"5"
2019-02-18,4.43281196722213,2019,7,"5"
2019-02-25,4.52191659981034,2019,8,"5"
2019-03-04,4.59112716369088,2019,9,"5"
2019-03-11,4.57831168831169,2019,10,"5"
2019-03-18,4.36410254414504,2019,11,"5"
2019-03-25,4.44650335229877,2019,12,"5"
2019-04-01,4.41495416953778,2019,13,"5"
2019-04-08,4.44737484737485,2019,14,"5"
2019-04-15,4.38986773460458,2019,15,"5"
2019-04-22,4.10768829676393,2019,16,"5"
2019-04-29,4.32523144339321,2019,17,"5"
2019-05-06,4.54882625114823,2019,18,"5"
2019-05-13,4.42796092796093,2019,19,"5"
2019-05-20,4.47110248147842,2019,20,"5"
2019-05-27,4.48770988156387,2019,21,"5"
2019-06-03,4.55219868955334,2019,22,"5"
2019-06-10,4.417258019322,2019,23,"5"
2019-06-17,4.26431072332141,2019,24,"5"
2019-06-24,4.29600864095894,2019,25,"5"
2019-07-01,4.35358035050153,2019,26,"5"
2019-07-08,4.34178922785289,2019,27,"5"
2019-07-15,4.25536995739582,2019,28,"5"
2019-07-22,4.17180479618903,2019,29,"5"
2019-07-29,4.11076600309356,2019,30,"5"
2019-08-05,4.38757415200246,2019,31,"5"
2019-08-12,4.44812201396685,2019,32,"5"
2019-08-19,4.51073082010582,2019,33,"5"
2019-08-26,4.59733029601201,2019,34,"5"
2019-09-02,4.52814835340631,2019,35,"5"
2019-09-09,4.37668702186102,2019,36,"5"
2019-09-16,4.46630295103201,2019,37,"5"
2019-09-23,4.51532904548993,2019,38,"5"
2019-09-30,4.31070544952124,2019,39,"5"
2019-10-07,4.3618349368733,2019,40,"5"
2019-10-14,4.31400066099314,2019,41,"5"
2019-10-21,4.39376396090682,2019,42,"5"
2019-10-28,4.29312790905836,2019,43,"5"
2019-11-04,4.07774891774892,2019,44,"5"
2019-11-11,3.92043817527011,2019,45,"5"
2019-11-18,3.69977106227106,2019,46,"5"
2019-11-25,3.76333417982578,2019,47,"5"
2019-12-02,3.78892320085929,2019,48,"5"
2019-12-09,4.11759309071682,2019,49,"5"
2019-12-16,4.36663902936035,2019,50,"5"
2019-12-23,4.19964655227813,2019,51,"5"
2019-12-30,4.37125895664442,2019,52,"5"
2020-01-06,4.30381998953427,2020,1,"5"
2020-01-13,4.23507588043192,2020,2,"5"
2020-01-20,4.09684910536838,2020,3,"5"
2020-01-27,4.15658627087199,2020,4,"5"
2020-02-03,4.08760465724751,2020,5,"5"
2020-02-10,4.01837280366692,2020,6,"5"
2020-02-17,4.29540026713026,2020,7,"5"
2020-02-24,3.75388594034105,2020,8,"5"
2020-03-02,4.01814058956916,2020,9,"5"
2020-03-09,4.1999874668627,2020,10,"5"
2020-03-16,4.06217889253604,2020,11,"5"
2020-03-23,4.24455782312925,2020,12,"5"
2020-03-30,4.23531718907659,2020,13,"5"
2020-04-06,3.78313492063492,2020,14,"5"
2020-04-13,4.15974310776942,2020,15,"5"
2020-04-20,3.84120046620047,2020,16,"5"
2020-04-27,4.11219851576994,2020,17,"5"
2020-05-04,4.27642595499738,2020,18,"5"
2020-05-11,4.07039610716081,2020,19,"5"
2020-05-18,3.68556998556999,2020,20,"5"
2020-05-25,3.97490393593335,2020,21,"5"
2020-06-01,3.99972527472527,2020,22,"5"
2020-06-08,3.87401960784314,2020,23,"5"
2020-06-15,4.33333333333333,2020,24,"5"
2016-06-13,4.38134646962233,2016,24,"6"
2016-06-20,4.40695729708888,2016,25,"6"
2016-06-27,4.45939328112197,2016,26,"6"
2016-07-04,4.5079920232752,2016,27,"6"
2016-07-11,4.56375063859536,2016,28,"6"
2016-07-18,4.49585583025481,2016,29,"6"
2016-07-25,4.45943565291391,2016,30,"6"
2016-08-01,4.46291238781922,2016,31,"6"
2016-08-08,4.29506988360456,2016,32,"6"
2016-08-15,4.48151299919593,2016,33,"6"
2016-08-22,4.44489120488125,2016,34,"6"
2016-08-29,4.61264946463149,2016,35,"6"
2016-09-05,4.53105234443644,2016,36,"6"
2016-09-12,4.57758224062572,2016,37,"6"
2016-09-19,4.42847336042315,2016,38,"6"
2016-09-26,4.55015651015651,2016,39,"6"
2016-10-03,4.69895938705931,2016,40,"6"
2016-10-10,4.66049245785271,2016,41,"6"
2016-10-17,4.61861752342571,2016,42,"6"
2016-10-24,4.50438339033016,2016,43,"6"
2016-10-31,4.44032969509643,2016,44,"6"
2016-11-07,4.43648679372551,2016,45,"6"
2016-11-14,4.39990360516676,2016,46,"6"
2016-11-21,4.59229943654592,2016,47,"6"
2016-11-28,4.43444657395122,2016,48,"6"
2016-12-05,4.55821010204421,2016,49,"6"
2016-12-12,4.56087007744222,2016,50,"6"
2016-12-19,4.5199750934286,2016,51,"6"
2016-12-26,4.51594477849195,2016,52,"6"
2017-01-02,4.47109000799285,2017,1,"6"
2017-01-09,4.61423451893172,2017,2,"6"
2017-01-16,4.57026131581542,2017,3,"6"
2017-01-23,4.41387580673295,2017,4,"6"
2017-01-30,4.6193856942651,2017,5,"6"
2017-02-06,4.66500899038714,2017,6,"6"
2017-02-13,4.58566636851521,2017,7,"6"
2017-02-20,4.68151837910459,2017,8,"6"
2017-02-27,4.60033634412516,2017,9,"6"
2017-03-06,4.48469116514229,2017,10,"6"
2017-03-13,4.44875335906485,2017,11,"6"
2017-03-20,4.54781371510695,2017,12,"6"
2017-03-27,4.53736246988127,2017,13,"6"
2017-04-03,4.4253795721187,2017,14,"6"
2017-04-10,4.48903584100628,2017,15,"6"
2017-04-17,4.48397287092939,2017,16,"6"
2017-04-24,4.53910169195883,2017,17,"6"
2017-05-01,4.73666102804758,2017,18,"6"
2017-05-08,4.40018552875696,2017,19,"6"
2017-05-15,4.32993197278912,2017,20,"6"
2017-05-22,4.42450216450216,2017,21,"6"
2017-05-29,4.50920119187941,2017,22,"6"
2017-06-05,4.33308844516828,2017,23,"6"
2017-06-12,4.74446778711485,2017,24,"6"
2017-06-19,4.36135794030531,2017,25,"6"
2017-06-26,4.82191375476436,2017,26,"6"
2017-07-03,4.61660331170744,2017,27,"6"
2017-07-10,4.59254527843962,2017,28,"6"
2017-07-17,4.68178024599564,2017,29,"6"
2017-07-24,4.6367586528364,2017,30,"6"
2017-07-31,4.53185820390789,2017,31,"6"
2017-08-07,4.52249051919618,2017,32,"6"
2017-08-14,4.4777698534611,2017,33,"6"
2017-08-21,4.64439021049096,2017,34,"6"
2017-08-28,4.34425486793908,2017,35,"6"
2017-09-04,4.63272026992615,2017,36,"6"
2017-09-11,4.62160592602029,2017,37,"6"
2017-09-18,4.65947121931777,2017,38,"6"
2017-09-25,4.45246774946023,2017,39,"6"
2017-10-02,4.63080227743271,2017,40,"6"
2017-10-09,4.58018365240833,2017,41,"6"
2017-10-16,4.59176020058373,2017,42,"6"
2017-10-23,4.57040370447952,2017,43,"6"
2017-10-30,4.7104991720698,2017,44,"6"
2017-11-06,4.6076396366169,2017,45,"6"
2017-11-13,4.65950814536341,2017,46,"6"
2017-11-20,4.5883897148603,2017,47,"6"
2017-11-27,4.6995686736233,2017,48,"6"
2017-12-04,4.38166547320683,2017,49,"6"
2017-12-11,4.54327955878708,2017,50,"6"
2017-12-18,4.6938843928376,2017,51,"6"
2017-12-25,4.6045939789459,2017,52,"6"
2018-01-01,4.68215528635697,2018,1,"6"
2018-01-08,4.5236469879327,2018,2,"6"
2018-01-15,4.50527793462576,2018,3,"6"
2018-01-22,4.55521080226963,2018,4,"6"
2018-01-29,4.7498557559745,2018,5,"6"
2018-02-05,4.41972789115646,2018,6,"6"
2018-02-12,4.45128363699792,2018,7,"6"
2018-02-19,4.78027210884354,2018,8,"6"
2018-02-26,4.55992063492064,2018,9,"6"
2018-03-05,4.59707691999359,2018,10,"6"
2018-03-12,4.45702690166976,2018,11,"6"
2018-03-19,4.60154845154845,2018,12,"6"
2018-03-26,4.71240664097807,2018,13,"6"
2018-04-02,4.46159297052154,2018,14,"6"
2018-04-09,4.34827315541601,2018,15,"6"
2018-04-16,4.57428087785231,2018,16,"6"
2018-04-23,4.12105751391466,2018,17,"6"
2018-04-30,4.72352092352092,2018,18,"6"
2018-05-07,4.67448701117874,2018,19,"6"
2018-05-14,4.5054748822606,2018,20,"6"
2018-05-21,4.66641753192505,2018,21,"6"
2018-05-28,4.73673469387755,2018,22,"6"
2018-06-04,4.33806733525132,2018,23,"6"
2018-06-11,4.68955627705628,2018,24,"6"
2018-06-18,4.42522918258212,2018,25,"6"
2018-06-25,4.59576376004947,2018,26,"6"
2018-07-02,4.59680042180042,2018,27,"6"
2018-07-09,4.63261183261183,2018,28,"6"
2018-07-16,4.48535459638401,2018,29,"6"
2018-07-23,4.49205232817765,2018,30,"6"
2018-07-30,4.51817545199898,2018,31,"6"
2018-08-06,4.14720993292422,2018,32,"6"
2018-08-13,4.37215007215007,2018,33,"6"
2018-08-20,4.40946275946276,2018,34,"6"
2018-08-27,4.38019995877139,2018,35,"6"
2018-09-03,4.56700680272109,2018,36,"6"
2018-09-10,4.33702250130822,2018,37,"6"
2018-09-17,4.52716965574108,2018,38,"6"
2018-09-24,4.24821210535496,2018,39,"6"
2018-10-01,4.48193265463622,2018,40,"6"
2018-10-08,4.55261876661521,2018,41,"6"
2018-10-15,4.48670594337442,2018,42,"6"
2018-10-22,4.65803135977008,2018,43,"6"
2018-10-29,4.47240757750755,2018,44,"6"
2018-11-05,4.59969417077176,2018,45,"6"
2018-11-12,4.5128215230001,2018,46,"6"
2018-11-19,4.52630702630703,2018,47,"6"
2018-11-26,4.50322407750979,2018,48,"6"
2018-12-03,4.43192976110399,2018,49,"6"
2018-12-10,4.34232536792828,2018,50,"6"
2018-12-17,4.56697764820214,2018,51,"6"
2018-12-24,4.57488608511128,2018,52,"6"
2018-12-31,4.30301860013127,2018,53,"6"
2019-01-07,4.65921459492888,2019,1,"6"
2019-01-14,4.3676023976024,2019,2,"6"
2019-01-21,4.26462585034014,2019,3,"6"
2019-01-28,4.63532852253513,2019,4,"6"
2019-02-04,4.66903373281442,2019,5,"6"
2019-02-11,4.62825691165492,2019,6,"6"
2019-02-18,4.34603193419479,2019,7,"6"
2019-02-25,4.52436440953682,2019,8,"6"
2019-03-04,4.39831599666671,2019,9,"6"
2019-03-11,4.54536906317411,2019,10,"6"
2019-03-18,4.54047348373911,2019,11,"6"
2019-03-25,4.29011877691477,2019,12,"6"
2019-04-01,4.36969396454234,2019,13,"6"
2019-04-08,4.37321208203561,2019,14,"6"
2019-04-15,4.47261432350718,2019,15,"6"
2019-04-22,4.49831060494373,2019,16,"6"
2019-04-29,4.4138737111931,2019,17,"6"
2019-05-06,4.55025653445669,2019,18,"6"
2019-05-13,4.62750971314873,2019,19,"6"
2019-05-20,4.48357066387051,2019,20,"6"
2019-05-27,4.41693012312292,2019,21,"6"
2019-06-03,4.60498537855015,2019,22,"6"
2019-06-10,4.40685941043084,2019,23,"6"
2019-06-17,4.64649033780235,2019,24,"6"
2019-06-24,4.48660387231816,2019,25,"6"
2019-07-01,3.82374949979992,2019,26,"6"
2019-07-08,4.05086445509378,2019,27,"6"
2019-07-15,4.17001709774819,2019,28,"6"
2019-07-22,4.22336306205871,2019,29,"6"
2019-07-29,4.22931839402428,2019,30,"6"
2019-08-05,4.26631708627507,2019,31,"6"
2019-08-12,4.19364801864802,2019,32,"6"
2019-08-19,4.51652776193302,2019,33,"6"
2019-08-26,4.50348468707087,2019,34,"6"
2019-09-02,4.197508336668,2019,35,"6"
2019-09-09,4.40846312483861,2019,36,"6"
2019-09-16,4.46354276362744,2019,37,"6"
2019-09-23,4.3425704197763,2019,38,"6"
2019-09-30,4.46852536463352,2019,39,"6"
2019-10-07,4.62144374601673,2019,40,"6"
2019-10-14,4.48517306106592,2019,41,"6"
2019-10-21,4.42285399317148,2019,42,"6"
2019-10-28,4.4458514900213,2019,43,"6"
2019-11-04,4.52539900575615,2019,44,"6"
2019-11-11,4.48864338225409,2019,45,"6"
2019-11-18,4.43269810684671,2019,46,"6"
2019-11-25,4.35158635224425,2019,47,"6"
2019-12-02,4.15419392637438,2019,48,"6"
2019-12-09,4.15173395445135,2019,49,"6"
2019-12-16,4.12935635792779,2019,50,"6"
2019-12-23,4.40491895322722,2019,51,"6"
2019-12-30,4.49940712755982,2019,52,"6"
2020-01-06,4.36688235900421,2020,1,"6"
2020-01-13,4.40988709003415,2020,2,"6"
2020-01-20,4.25917200213419,2020,3,"6"
2020-01-27,4.41718598861456,2020,4,"6"
2020-02-03,4.3860742432171,2020,5,"6"
2020-02-10,4.11240496198479,2020,6,"6"
2020-02-17,3.94087998835898,2020,7,"6"
2020-02-24,4.22603071531643,2020,8,"6"
2020-03-02,4.1928907751912,2020,9,"6"
2020-03-09,4.6338004101162,2020,10,"6"
2020-03-16,4.30220612720613,2020,11,"6"
2020-03-23,4.56240981240981,2020,12,"6"
2020-03-30,4.4010667903525,2020,13,"6"
2020-04-06,4.29024943310658,2020,14,"6"
2020-04-13,4.61978021978022,2020,15,"6"
2020-04-20,4.39603174603175,2020,16,"6"
2020-04-27,4.43698486641033,2020,17,"6"
2020-05-04,4.56635684576861,2020,18,"6"
2020-05-11,4.41175649747078,2020,19,"6"
2020-05-18,4.59355644355644,2020,20,"6"
2020-05-25,4.23333333333333,2020,21,"6"
2020-06-01,4.17862296433725,2020,22,"6"
2020-06-08,4.57375677543745,2020,23,"6"
2020-06-15,4.81818181818182,2020,24,"6"
2018-09-10,3.50061759029501,2018,37,"7"
2018-09-17,3.50897727332448,2018,38,"7"
2018-09-24,3.71400987749517,2018,39,"7"
2018-10-01,3.53560410741711,2018,40,"7"
2018-10-08,3.65931661252138,2018,41,"7"
2018-10-15,3.42684923095749,2018,42,"7"
2018-10-22,3.70812803690196,2018,43,"7"
2018-10-29,3.77573295321437,2018,44,"7"
2018-11-05,3.41136888077204,2018,45,"7"
2018-11-12,3.23627251167425,2018,46,"7"
2018-11-19,3.64157703572597,2018,47,"7"
2018-11-26,3.48067382879726,2018,48,"7"
2018-12-03,3.62751947011114,2018,49,"7"
2018-12-10,3.57679016194724,2018,50,"7"
2018-12-17,3.23007436137566,2018,51,"7"
2018-12-24,3.29260092111013,2018,52,"7"
2018-12-31,3.00032197208921,2018,53,"7"
2019-01-07,3.43402010612539,2019,1,"7"
2019-01-14,3.249989250086,2019,2,"7"
2019-01-21,2.99633231654138,2019,3,"7"
2019-01-28,3.0693067445508,2019,4,"7"
2019-02-04,3.42124250018987,2019,5,"7"
2019-02-11,3.37885592787071,2019,6,"7"
2019-02-18,3.52539306579688,2019,7,"7"
2019-02-25,3.45609047962519,2019,8,"7"
2019-03-04,3.45088811356756,2019,9,"7"
2019-03-11,3.0578022875817,2019,10,"7"
2019-03-18,3.31239150649485,2019,11,"7"
2019-03-25,3.43608975611062,2019,12,"7"
2019-04-01,3.56251054327705,2019,13,"7"
2019-04-08,3.48344425832022,2019,14,"7"
2019-04-15,3.65436443930861,2019,15,"7"
2019-04-22,3.38484365082835,2019,16,"7"
2019-04-29,3.41528140078086,2019,17,"7"
2019-05-06,3.50280259608924,2019,18,"7"
2019-05-13,3.27772762350561,2019,19,"7"
2019-05-20,3.56859923368978,2019,20,"7"
2019-05-27,3.39968398714534,2019,21,"7"
2019-06-03,3.31567748481824,2019,22,"7"
2019-06-10,3.52465556690812,2019,23,"7"
2019-06-17,3.22564491515199,2019,24,"7"
2019-06-24,3.00819311095911,2019,25,"7"
2019-07-01,3.07294325582444,2019,26,"7"
2019-07-08,3.07291307514415,2019,27,"7"
2019-07-15,3.39482582267357,2019,28,"7"
2019-07-22,3.41473401403077,2019,29,"7"
2019-07-29,3.43785764118459,2019,30,"7"
2019-08-05,3.50379327183081,2019,31,"7"
2019-08-12,3.37079783372357,2019,32,"7"
2019-08-19,3.55432500679212,2019,33,"7"
2019-08-26,3.31615537240537,2019,34,"7"
2019-09-02,3.30348596189464,2019,35,"7"
2019-09-09,3.17963232912212,2019,36,"7"
2019-09-16,3.44305726302277,2019,37,"7"
2019-09-23,3.42700773067178,2019,38,"7"
2019-09-30,3.44859546289224,2019,39,"7"
2019-10-07,3.39521365563769,2019,40,"7"
2019-10-14,3.27150058921233,2019,41,"7"
2019-10-21,3.27628465369635,2019,42,"7"
2019-10-28,3.02677601273958,2019,43,"7"
2019-11-04,2.74490213952513,2019,44,"7"
2019-11-11,2.83798679415553,2019,45,"7"
2019-11-18,3.09443777839089,2019,46,"7"
2019-11-25,3.31182479823992,2019,47,"7"
2019-12-02,2.95697956442983,2019,48,"7"
2019-12-09,3.16592820965495,2019,49,"7"
2019-12-16,3.37506461193138,2019,50,"7"
2019-12-23,3.40133064426589,2019,51,"7"
2019-12-30,3.48387449161043,2019,52,"7"
2020-01-06,3.68941068775401,2020,1,"7"
2020-01-13,3.49211265458564,2020,2,"7"
2020-01-20,3.67534490647323,2020,3,"7"
2020-01-27,3.7010651098384,2020,4,"7"
2020-02-03,3.5225769459183,2020,5,"7"
2020-02-10,3.53179287935385,2020,6,"7"
2020-02-17,3.47087450343187,2020,7,"7"
2020-02-24,3.4322548273968,2020,8,"7"
2020-03-02,3.59380675189547,2020,9,"7"
2020-03-09,3.45042539399945,2020,10,"7"
2020-03-16,3.86489357385909,2020,11,"7"
2020-03-23,4.00777671622074,2020,12,"7"
2020-03-30,4.04007113615702,2020,13,"7"
2020-04-06,3.70917968377923,2020,14,"7"
2020-04-13,3.71300839027547,2020,15,"7"
2020-04-20,3.81997163237765,2020,16,"7"
2020-04-27,3.77656527682843,2020,17,"7"
2020-05-04,3.55577416444125,2020,18,"7"
2020-05-11,3.52704837177264,2020,19,"7"
2020-05-18,3.60448755635364,2020,20,"7"
2020-05-25,3.44092328178619,2020,21,"7"
2020-06-01,3.51007202935324,2020,22,"7"
2020-06-08,3.3894057922437,2020,23,"7"
2020-06-15,3.02702702702703,2020,24,"7"
2016-06-13,4.10555944055944,2016,24,"8"
2016-06-20,3.86777987181845,2016,25,"8"
2016-06-27,4.0649823083802,2016,26,"8"
2016-07-04,4.10230372769072,2016,27,"8"
2016-07-11,4.1114631131804,2016,28,"8"
2016-07-18,4.25447871609526,2016,29,"8"
2016-07-25,4.09387459683043,2016,30,"8"
2016-08-01,3.85520724206071,2016,31,"8"
2016-08-08,3.94788142403067,2016,32,"8"
2016-08-15,3.96079268583806,2016,33,"8"
2016-08-22,4.01958493168755,2016,34,"8"
2016-08-29,3.89346501199949,2016,35,"8"
2016-09-05,4.02818053653503,2016,36,"8"
2016-09-12,3.86101721314536,2016,37,"8"
2016-09-19,3.80381184879651,2016,38,"8"
2016-09-26,4.22618868214764,2016,39,"8"
2016-10-03,4.0957040274546,2016,40,"8"
2016-10-10,4.06559449866903,2016,41,"8"
2016-10-17,4.07533963902686,2016,42,"8"
2016-10-24,4.18123798556592,2016,43,"8"
2016-10-31,4.17049836934035,2016,44,"8"
2016-11-07,3.92335858585859,2016,45,"8"
2016-11-14,4.05771808130212,2016,46,"8"
2016-11-21,3.75666769030613,2016,47,"8"
2016-11-28,4.08474096709391,2016,48,"8"
2016-12-05,4.28448972522391,2016,49,"8"
2016-12-12,4.25165087694799,2016,50,"8"
2016-12-19,4.31199214863811,2016,51,"8"
2016-12-26,3.97913138268801,2016,52,"8"
2017-01-02,4.16090391090391,2017,1,"8"
2017-01-09,3.91589097741379,2017,2,"8"
2017-01-16,4.63435065643108,2017,3,"8"
2017-01-23,4.31954477871776,2017,4,"8"
2017-01-30,4.52028842540998,2017,5,"8"
2017-02-06,4.36854169066876,2017,6,"8"
2017-02-13,4.21327838827839,2017,7,"8"
2017-02-20,4.20997801790349,2017,8,"8"
2017-02-27,4.12189785004911,2017,9,"8"
2017-03-06,4.2441082726797,2017,10,"8"
2017-03-13,4.36483043959824,2017,11,"8"
2017-03-20,4.57180955900468,2017,12,"8"
2017-03-27,4.53654503235387,2017,13,"8"
2017-04-03,4.51257823567854,2017,14,"8"
2017-04-10,4.3159386679573,2017,15,"8"
2017-04-17,4.47574264039084,2017,16,"8"
2017-04-24,4.45992507572744,2017,17,"8"
2017-05-01,4.52215174970036,2017,18,"8"
2017-05-08,4.55412070008844,2017,19,"8"
2017-05-15,4.43981227106227,2017,20,"8"
2017-05-22,4.35019673874513,2017,21,"8"
2017-05-29,4.29496230131373,2017,22,"8"
2017-06-05,4.46524529037317,2017,23,"8"
2017-06-12,4.32755075148339,2017,24,"8"
2017-06-19,4.03354628564713,2017,25,"8"
2017-06-26,4.24593274311319,2017,26,"8"
2017-07-03,4.12874228638824,2017,27,"8"
2017-07-10,4.09784519868554,2017,28,"8"
2017-07-17,3.90825358851675,2017,29,"8"
2017-07-24,4.13386474636475,2017,30,"8"
2017-07-31,4.16024436090226,2017,31,"8"
2017-08-07,4.1069483774371,2017,32,"8"
2017-08-14,4.02451355035941,2017,33,"8"
2017-08-21,4.17559632548672,2017,34,"8"
2017-08-28,4.06530136530136,2017,35,"8"
2017-09-04,4.29520265965918,2017,36,"8"
2017-09-11,4.11099896480331,2017,37,"8"
2017-09-18,4.14725572047001,2017,38,"8"
2017-09-25,4.16971019176902,2017,39,"8"
2017-10-02,4.06729964713158,2017,40,"8"
2017-10-09,4.08125029732173,2017,41,"8"
2017-10-16,3.87107803494358,2017,42,"8"
2017-10-23,4.02164502164502,2017,43,"8"
2017-10-30,4.18724489795918,2017,44,"8"
2017-11-06,3.75622090327973,2017,45,"8"
2017-11-13,4.0273862752763,2017,46,"8"
2017-11-20,4.11619134833421,2017,47,"8"
2017-11-27,4.31774891774892,2017,48,"8"
2017-12-04,4.04279529993816,2017,49,"8"
2017-12-11,3.68673469387755,2017,50,"8"
2017-12-18,3.97721167721168,2017,51,"8"
2017-12-25,4.2221706864564,2017,52,"8"
2018-01-01,4.17751692751693,2018,1,"8"
2018-01-08,4.3776283240569,2018,2,"8"
2018-01-15,3.93911346589918,2018,3,"8"
2018-01-22,4.14761904761905,2018,4,"8"
2018-01-29,4.01234796949083,2018,5,"8"
2018-02-05,4.06803751803752,2018,6,"8"
2018-02-12,3.8687074829932,2018,7,"8"
2018-02-19,3.75925039013274,2018,8,"8"
2018-02-26,3.80512820512821,2018,9,"8"
2018-03-05,3.93141104926819,2018,10,"8"
2018-03-12,3.88004535147392,2018,11,"8"
2018-03-19,4.0034188034188,2018,12,"8"
2018-03-26,4.33543083900227,2018,13,"8"
2018-04-02,3.7968820861678,2018,14,"8"
2018-04-09,3.54065934065934,2018,15,"8"
2018-04-16,3.98849206349206,2018,16,"8"
2018-04-23,3.83579198579199,2018,17,"8"
2018-04-30,3.786285143428,2018,18,"8"
2018-05-07,3.87857142857143,2018,19,"8"
2018-05-14,4.26168236525379,2018,20,"8"
2018-05-21,4.2176948051948,2018,21,"8"
2018-05-28,4.02670068027211,2018,22,"8"
2018-06-04,3.4621521335807,2018,23,"8"
2018-06-11,3.8769635126778,2018,24,"8"
2018-06-18,3.91198979591837,2018,25,"8"
2018-06-25,4.31047085500867,2018,26,"8"
2018-07-02,3.96071428571429,2018,27,"8"
2018-07-09,3.8687074829932,2018,28,"8"
2018-07-16,4.23160648874935,2018,29,"8"
2018-07-23,3.9015873015873,2018,30,"8"
2018-07-30,4.25552796876326,2018,31,"8"
2018-08-06,3.86054421768708,2018,32,"8"
2018-08-13,4.25681461395747,2018,33,"8"
2018-08-20,4.15299938157081,2018,34,"8"
2018-08-27,3.8980463980464,2018,35,"8"
2018-09-03,3.80340136054422,2018,36,"8"
2018-09-10,3.88650793650794,2018,37,"8"
2018-09-17,4.05357142857143,2018,38,"8"
2018-09-24,3.96252398395256,2018,39,"8"
2018-10-01,4.12899877899878,2018,40,"8"
2018-10-08,3.96652236652237,2018,41,"8"
2018-10-15,3.78388278388278,2018,42,"8"
2018-10-22,4.16777864992151,2018,43,"8"
2018-10-29,3.81332199546485,2018,44,"8"
2018-11-05,4.15510204081633,2018,45,"8"
2018-11-12,4.03299319727891,2018,46,"8"
2018-11-19,4.46700680272109,2018,47,"8"
2018-11-26,3.9641156462585,2018,48,"8"
2018-12-03,4.42121212121212,2018,49,"8"
2018-12-10,3.88452380952381,2018,50,"8"
2018-12-17,3.74886621315193,2018,51,"8"
2018-12-24,3.25680272108844,2018,52,"8"
2018-12-31,3.6421768707483,2018,53,"8"
2019-01-07,3.57185592185592,2019,1,"8"
2019-01-14,3.78469387755102,2019,2,"8"
2019-01-21,3.41428571428571,2019,3,"8"
2019-01-28,3.65510204081633,2019,4,"8"
2019-02-04,3.9092970521542,2019,5,"8"
2019-02-11,4.32636054421769,2019,6,"8"
2019-02-18,4.11162131519274,2019,7,"8"
2019-02-25,3.78087983445126,2019,8,"8"
2019-03-04,4.15252525252525,2019,9,"8"
2019-03-11,4.19737564023278,2019,10,"8"
2019-03-18,3.73596165739023,2019,11,"8"
2019-03-25,3.75992063492063,2019,12,"8"
2019-04-01,3.4922052154195,2019,13,"8"
2019-04-08,3.29344465058751,2019,14,"8"
2019-04-15,3.92261904761905,2019,15,"8"
2019-04-22,3.97529375386518,2019,16,"8"
2019-04-29,3.48486394557823,2019,17,"8"
2019-05-06,3.46904761904762,2019,18,"8"
2019-05-13,4.23849206349206,2019,19,"8"
2019-05-20,3.78083900226757,2019,20,"8"
2019-05-27,3.74471916971917,2019,21,"8"
2019-06-03,4.05442176870748,2019,22,"8"
2019-06-10,3.818820861678,2019,23,"8"
2019-06-17,3.88225108225108,2019,24,"8"
2019-06-24,4.02747252747253,2019,25,"8"
2019-07-01,3.75238095238095,2019,26,"8"
2019-07-08,4.13571428571429,2019,27,"8"
2019-07-15,3.80952380952381,2019,28,"8"
2019-07-22,3.37664399092971,2019,29,"8"
2019-07-29,3.4620855335141,2019,30,"8"
2019-08-05,3.73401360544218,2019,31,"8"
2019-08-12,3.85615852401567,2019,32,"8"
2019-08-19,4.35355596784168,2019,33,"8"
2019-08-26,3.68775510204082,2019,34,"8"
2019-09-02,3.85781058141307,2019,35,"8"
2019-09-09,3.7950937950938,2019,36,"8"
2019-09-16,3.64149659863946,2019,37,"8"
2019-09-23,4.08662131519274,2019,38,"8"
2019-09-30,3.96771541950113,2019,39,"8"
2019-10-07,3.52772108843537,2019,40,"8"
2019-10-14,4.16666666666667,2019,41,"8"
2019-10-21,3.47380952380952,2019,42,"8"
2019-10-28,3.79649295615682,2019,43,"8"
2019-11-04,3.91972789115646,2019,44,"8"
2019-11-11,3.41176046176046,2019,45,"8"
2019-11-18,3.82057823129252,2019,46,"8"
2019-11-25,4.06746031746032,2019,47,"8"
2019-12-02,3.42857975357975,2019,48,"8"
2019-12-09,3.73639455782313,2019,49,"8"
2019-12-16,4.18571428571429,2019,50,"8"
2019-12-23,3.83095238095238,2019,51,"8"
2019-12-30,4.11054421768707,2019,52,"8"
2020-01-06,3.52222222222222,2020,1,"8"
2020-01-13,3.29965986394558,2020,2,"8"
2020-01-20,3.71428571428571,2020,3,"8"
2020-01-27,3.6547619047619,2020,4,"8"
2020-02-03,3.70714285714286,2020,5,"8"
2020-02-10,3.91360544217687,2020,6,"8"
2020-02-17,3.45136054421769,2020,7,"8"
2020-02-24,3.23367346938775,2020,8,"8"
2020-03-02,3.71190476190476,2020,9,"8"
2020-03-09,3.0921768707483,2020,10,"8"
2020-03-16,3.50531849103278,2020,11,"8"
2020-03-23,3.73333333333333,2020,12,"8"
2020-03-30,3.82380952380952,2020,13,"8"
2020-04-06,3.94285714285714,2020,14,"8"
2020-04-13,3.41904761904762,2020,15,"8"
2020-04-20,3.83399616256759,2020,16,"8"
2020-04-27,3.72664835164835,2020,17,"8"
2020-05-04,3.9452380952381,2020,18,"8"
2020-05-11,3.88775510204082,2020,19,"8"
2020-05-18,3.87077922077922,2020,20,"8"
2020-05-25,4.27142857142857,2020,21,"8"
2020-06-01,4.0093537414966,2020,22,"8"
2020-06-08,3.84268707482993,2020,23,"8"
2020-06-15,1.66666666666667,2020,24,"8"
