"week_cut","Count","year","week","app"
2016-06-13,2,2016,24,"1"
2016-06-20,1,2016,25,"1"
2016-06-27,3,2016,26,"1"
2016-07-04,2,2016,27,"1"
2016-07-11,1,2016,28,"1"
2016-07-18,0,2016,29,"1"
2016-07-25,1,2016,30,"1"
2016-08-01,0,2016,31,"1"
2016-08-08,3,2016,32,"1"
2016-08-15,2,2016,33,"1"
2016-08-22,0,2016,34,"1"
2016-08-29,2,2016,35,"1"
2016-09-05,1,2016,36,"1"
2016-09-12,2,2016,37,"1"
2016-09-19,0,2016,38,"1"
2016-09-26,0,2016,39,"1"
2016-10-03,2,2016,40,"1"
2016-10-10,1,2016,41,"1"
2016-10-17,1,2016,42,"1"
2016-10-24,1,2016,43,"1"
2016-10-31,2,2016,44,"1"
2016-11-07,2,2016,45,"1"
2016-11-14,2,2016,46,"1"
2016-11-21,0,2016,47,"1"
2016-11-28,0,2016,48,"1"
2016-12-05,0,2016,49,"1"
2016-12-12,0,2016,50,"1"
2016-12-19,3,2016,51,"1"
2016-12-26,6,2016,52,"1"
2017-01-02,5,2017,1,"1"
2017-01-09,3,2017,2,"1"
2017-01-16,1,2017,3,"1"
2017-01-23,1,2017,4,"1"
2017-01-30,1,2017,5,"1"
2017-02-06,0,2017,6,"1"
2017-02-13,0,2017,7,"1"
2017-02-20,0,2017,8,"1"
2017-02-27,1,2017,9,"1"
2017-03-06,2,2017,10,"1"
2017-03-13,1,2017,11,"1"
2017-03-20,1,2017,12,"1"
2017-03-27,1,2017,13,"1"
2017-04-03,0,2017,14,"1"
2017-04-10,0,2017,15,"1"
2017-04-17,2,2017,16,"1"
2017-04-24,0,2017,17,"1"
2017-05-01,4,2017,18,"1"
2017-05-08,2,2017,19,"1"
2017-05-15,1,2017,20,"1"
2017-05-22,0,2017,21,"1"
2017-05-29,1,2017,22,"1"
2017-06-05,0,2017,23,"1"
2017-06-12,1,2017,24,"1"
2017-06-19,0,2017,25,"1"
2017-06-26,0,2017,26,"1"
2017-07-03,0,2017,27,"1"
2017-07-10,2,2017,28,"1"
2017-07-17,1,2017,29,"1"
2017-07-24,2,2017,30,"1"
2017-07-31,0,2017,31,"1"
2017-08-07,1,2017,32,"1"
2017-08-14,1,2017,33,"1"
2017-08-21,2,2017,34,"1"
2017-08-28,0,2017,35,"1"
2017-09-04,0,2017,36,"1"
2017-09-11,1,2017,37,"1"
2017-09-18,1,2017,38,"1"
2017-09-25,1,2017,39,"1"
2017-10-02,0,2017,40,"1"
2017-10-09,0,2017,41,"1"
2017-10-16,1,2017,42,"1"
2017-10-23,0,2017,43,"1"
2017-10-30,2,2017,44,"1"
2017-11-06,1,2017,45,"1"
2017-11-13,1,2017,46,"1"
2017-11-20,1,2017,47,"1"
2017-11-27,2,2017,48,"1"
2017-12-04,1,2017,49,"1"
2017-12-11,0,2017,50,"1"
2017-12-18,1,2017,51,"1"
2017-12-25,1,2017,52,"1"
2018-01-01,1,2018,1,"1"
2018-01-08,3,2018,2,"1"
2018-01-15,0,2018,3,"1"
2018-01-22,1,2018,4,"1"
2018-01-29,0,2018,5,"1"
2018-02-05,0,2018,6,"1"
2018-02-12,0,2018,7,"1"
2018-02-19,3,2018,8,"1"
2018-02-26,3,2018,9,"1"
2018-03-05,0,2018,10,"1"
2018-03-12,1,2018,11,"1"
2018-03-19,2,2018,12,"1"
2018-03-26,3,2018,13,"1"
2018-04-02,0,2018,14,"1"
2018-04-09,3,2018,15,"1"
2018-04-16,3,2018,16,"1"
2018-04-23,3,2018,17,"1"
2018-04-30,3,2018,18,"1"
2018-05-07,0,2018,19,"1"
2018-05-14,2,2018,20,"1"
2018-05-21,0,2018,21,"1"
2018-05-28,0,2018,22,"1"
2018-06-04,1,2018,23,"1"
2018-06-11,4,2018,24,"1"
2018-06-18,1,2018,25,"1"
2018-06-25,1,2018,26,"1"
2018-07-02,0,2018,27,"1"
2018-07-09,1,2018,28,"1"
2018-07-16,1,2018,29,"1"
2018-07-23,1,2018,30,"1"
2018-07-30,0,2018,31,"1"
2018-08-06,1,2018,32,"1"
2018-08-13,2,2018,33,"1"
2018-08-20,0,2018,34,"1"
2018-08-27,1,2018,35,"1"
2018-09-03,2,2018,36,"1"
2018-09-10,0,2018,37,"1"
2018-09-17,1,2018,38,"1"
2018-09-24,0,2018,39,"1"
2018-10-01,0,2018,40,"1"
2018-10-08,1,2018,41,"1"
2018-10-15,2,2018,42,"1"
2018-10-22,2,2018,43,"1"
2018-10-29,1,2018,44,"1"
2018-11-05,2,2018,45,"1"
2018-11-12,1,2018,46,"1"
2018-11-19,1,2018,47,"1"
2018-11-26,1,2018,48,"1"
2018-12-03,0,2018,49,"1"
2018-12-10,1,2018,50,"1"
2018-12-17,2,2018,51,"1"
2018-12-24,7,2018,52,"1"
2018-12-31,3,2018,53,"1"
2019-01-07,2,2019,1,"1"
2019-01-14,1,2019,2,"1"
2019-01-21,3,2019,3,"1"
2019-01-28,0,2019,4,"1"
2019-02-04,0,2019,5,"1"
2019-02-11,1,2019,6,"1"
2019-02-18,1,2019,7,"1"
2019-02-25,1,2019,8,"1"
2019-03-04,1,2019,9,"1"
2019-03-11,2,2019,10,"1"
2019-03-18,1,2019,11,"1"
2019-03-25,2,2019,12,"1"
2019-04-01,2,2019,13,"1"
2019-04-08,1,2019,14,"1"
2019-04-15,1,2019,15,"1"
2019-04-22,0,2019,16,"1"
2019-04-29,2,2019,17,"1"
2019-05-06,0,2019,18,"1"
2019-05-13,1,2019,19,"1"
2019-05-20,1,2019,20,"1"
2019-05-27,2,2019,21,"1"
2019-06-03,1,2019,22,"1"
2019-06-10,1,2019,23,"1"
2019-06-17,3,2019,24,"1"
2019-06-24,4,2019,25,"1"
2019-07-01,1,2019,26,"1"
2019-07-08,1,2019,27,"1"
2019-07-15,4,2019,28,"1"
2019-07-22,1,2019,29,"1"
2019-07-29,4,2019,30,"1"
2019-08-05,3,2019,31,"1"
2019-08-12,1,2019,32,"1"
2019-08-19,2,2019,33,"1"
2019-08-26,4,2019,34,"1"
2019-09-02,1,2019,35,"1"
2019-09-09,0,2019,36,"1"
2019-09-16,3,2019,37,"1"
2019-09-23,3,2019,38,"1"
2019-09-30,2,2019,39,"1"
2019-10-07,0,2019,40,"1"
2019-10-14,5,2019,41,"1"
2019-10-21,1,2019,42,"1"
2019-10-28,1,2019,43,"1"
2019-11-04,2,2019,44,"1"
2019-11-11,0,2019,45,"1"
2019-11-18,3,2019,46,"1"
2019-11-25,1,2019,47,"1"
2019-12-02,1,2019,48,"1"
2019-12-09,0,2019,49,"1"
2019-12-16,0,2019,50,"1"
2019-12-23,2,2019,51,"1"
2019-12-30,2,2019,52,"1"
2020-01-06,1,2020,1,"1"
2020-01-13,1,2020,2,"1"
2020-01-20,0,2020,3,"1"
2020-01-27,0,2020,4,"1"
2020-02-03,4,2020,5,"1"
2020-02-10,1,2020,6,"1"
2020-02-17,2,2020,7,"1"
2020-02-24,1,2020,8,"1"
2020-03-02,0,2020,9,"1"
2020-03-09,2,2020,10,"1"
2020-03-16,1,2020,11,"1"
2020-03-23,0,2020,12,"1"
2020-03-30,0,2020,13,"1"
2020-04-06,0,2020,14,"1"
2020-04-13,2,2020,15,"1"
2020-04-20,2,2020,16,"1"
2020-04-27,0,2020,17,"1"
2020-05-04,6,2020,18,"1"
2020-05-11,1,2020,19,"1"
2020-05-18,1,2020,20,"1"
2020-05-25,1,2020,21,"1"
2020-06-01,1,2020,22,"1"
2020-06-08,5,2020,23,"1"
2016-06-13,50,2016,24,"2"
2016-06-20,50,2016,25,"2"
2016-06-27,46,2016,26,"2"
2016-07-04,53,2016,27,"2"
2016-07-11,55,2016,28,"2"
2016-07-18,71,2016,29,"2"
2016-07-25,53,2016,30,"2"
2016-08-01,68,2016,31,"2"
2016-08-08,73,2016,32,"2"
2016-08-15,70,2016,33,"2"
2016-08-22,59,2016,34,"2"
2016-08-29,68,2016,35,"2"
2016-09-05,51,2016,36,"2"
2016-09-12,62,2016,37,"2"
2016-09-19,64,2016,38,"2"
2016-09-26,69,2016,39,"2"
2016-10-03,51,2016,40,"2"
2016-10-10,47,2016,41,"2"
2016-10-17,49,2016,42,"2"
2016-10-24,45,2016,43,"2"
2016-10-31,51,2016,44,"2"
2016-11-07,39,2016,45,"2"
2016-11-14,66,2016,46,"2"
2016-11-21,70,2016,47,"2"
2016-11-28,69,2016,48,"2"
2016-12-05,64,2016,49,"2"
2016-12-12,44,2016,50,"2"
2016-12-19,53,2016,51,"2"
2016-12-26,49,2016,52,"2"
2017-01-02,45,2017,1,"2"
2017-01-09,30,2017,2,"2"
2017-01-16,35,2017,3,"2"
2017-01-23,37,2017,4,"2"
2017-01-30,31,2017,5,"2"
2017-02-06,35,2017,6,"2"
2017-02-13,30,2017,7,"2"
2017-02-20,51,2017,8,"2"
2017-02-27,50,2017,9,"2"
2017-03-06,36,2017,10,"2"
2017-03-13,35,2017,11,"2"
2017-03-20,38,2017,12,"2"
2017-03-27,43,2017,13,"2"
2017-04-03,40,2017,14,"2"
2017-04-10,56,2017,15,"2"
2017-04-17,57,2017,16,"2"
2017-04-24,38,2017,17,"2"
2017-05-01,36,2017,18,"2"
2017-05-08,54,2017,19,"2"
2017-05-15,41,2017,20,"2"
2017-05-22,48,2017,21,"2"
2017-05-29,34,2017,22,"2"
2017-06-05,39,2017,23,"2"
2017-06-12,24,2017,24,"2"
2017-06-19,41,2017,25,"2"
2017-06-26,36,2017,26,"2"
2017-07-03,30,2017,27,"2"
2017-07-10,35,2017,28,"2"
2017-07-17,40,2017,29,"2"
2017-07-24,50,2017,30,"2"
2017-07-31,50,2017,31,"2"
2017-08-07,48,2017,32,"2"
2017-08-14,49,2017,33,"2"
2017-08-21,39,2017,34,"2"
2017-08-28,38,2017,35,"2"
2017-09-04,51,2017,36,"2"
2017-09-11,41,2017,37,"2"
2017-09-18,44,2017,38,"2"
2017-09-25,46,2017,39,"2"
2017-10-02,36,2017,40,"2"
2017-10-09,33,2017,41,"2"
2017-10-16,31,2017,42,"2"
2017-10-23,48,2017,43,"2"
2017-10-30,45,2017,44,"2"
2017-11-06,33,2017,45,"2"
2017-11-13,42,2017,46,"2"
2017-11-20,33,2017,47,"2"
2017-11-27,30,2017,48,"2"
2017-12-04,37,2017,49,"2"
2017-12-11,29,2017,50,"2"
2017-12-18,27,2017,51,"2"
2017-12-25,31,2017,52,"2"
2018-01-01,27,2018,1,"2"
2018-01-08,28,2018,2,"2"
2018-01-15,15,2018,3,"2"
2018-01-22,26,2018,4,"2"
2018-01-29,26,2018,5,"2"
2018-02-05,21,2018,6,"2"
2018-02-12,21,2018,7,"2"
2018-02-19,18,2018,8,"2"
2018-02-26,35,2018,9,"2"
2018-03-05,25,2018,10,"2"
2018-03-12,24,2018,11,"2"
2018-03-19,27,2018,12,"2"
2018-03-26,25,2018,13,"2"
2018-04-02,33,2018,14,"2"
2018-04-09,21,2018,15,"2"
2018-04-16,28,2018,16,"2"
2018-04-23,35,2018,17,"2"
2018-04-30,18,2018,18,"2"
2018-05-07,20,2018,19,"2"
2018-05-14,31,2018,20,"2"
2018-05-21,21,2018,21,"2"
2018-05-28,35,2018,22,"2"
2018-06-04,34,2018,23,"2"
2018-06-11,25,2018,24,"2"
2018-06-18,35,2018,25,"2"
2018-06-25,32,2018,26,"2"
2018-07-02,48,2018,27,"2"
2018-07-09,26,2018,28,"2"
2018-07-16,25,2018,29,"2"
2018-07-23,28,2018,30,"2"
2018-07-30,32,2018,31,"2"
2018-08-06,37,2018,32,"2"
2018-08-13,42,2018,33,"2"
2018-08-20,34,2018,34,"2"
2018-08-27,44,2018,35,"2"
2018-09-03,35,2018,36,"2"
2018-09-10,31,2018,37,"2"
2018-09-17,31,2018,38,"2"
2018-09-24,25,2018,39,"2"
2018-10-01,23,2018,40,"2"
2018-10-08,31,2018,41,"2"
2018-10-15,34,2018,42,"2"
2018-10-22,46,2018,43,"2"
2018-10-29,25,2018,44,"2"
2018-11-05,37,2018,45,"2"
2018-11-12,40,2018,46,"2"
2018-11-19,36,2018,47,"2"
2018-11-26,30,2018,48,"2"
2018-12-03,35,2018,49,"2"
2018-12-10,34,2018,50,"2"
2018-12-17,31,2018,51,"2"
2018-12-24,25,2018,52,"2"
2018-12-31,32,2018,53,"2"
2019-01-07,34,2019,1,"2"
2019-01-14,21,2019,2,"2"
2019-01-21,25,2019,3,"2"
2019-01-28,31,2019,4,"2"
2019-02-04,44,2019,5,"2"
2019-02-11,53,2019,6,"2"
2019-02-18,37,2019,7,"2"
2019-02-25,39,2019,8,"2"
2019-03-04,40,2019,9,"2"
2019-03-11,45,2019,10,"2"
2019-03-18,44,2019,11,"2"
2019-03-25,47,2019,12,"2"
2019-04-01,42,2019,13,"2"
2019-04-08,51,2019,14,"2"
2019-04-15,39,2019,15,"2"
2019-04-22,41,2019,16,"2"
2019-04-29,42,2019,17,"2"
2019-05-06,72,2019,18,"2"
2019-05-13,48,2019,19,"2"
2019-05-20,42,2019,20,"2"
2019-05-27,37,2019,21,"2"
2019-06-03,45,2019,22,"2"
2019-06-10,44,2019,23,"2"
2019-06-17,44,2019,24,"2"
2019-06-24,47,2019,25,"2"
2019-07-01,55,2019,26,"2"
2019-07-08,35,2019,27,"2"
2019-07-15,39,2019,28,"2"
2019-07-22,31,2019,29,"2"
2019-07-29,39,2019,30,"2"
2019-08-05,34,2019,31,"2"
2019-08-12,33,2019,32,"2"
2019-08-19,34,2019,33,"2"
2019-08-26,33,2019,34,"2"
2019-09-02,37,2019,35,"2"
2019-09-09,43,2019,36,"2"
2019-09-16,44,2019,37,"2"
2019-09-23,38,2019,38,"2"
2019-09-30,20,2019,39,"2"
2019-10-07,26,2019,40,"2"
2019-10-14,48,2019,41,"2"
2019-10-21,58,2019,42,"2"
2019-10-28,73,2019,43,"2"
2019-11-04,36,2019,44,"2"
2019-11-11,40,2019,45,"2"
2019-11-18,37,2019,46,"2"
2019-11-25,25,2019,47,"2"
2019-12-02,33,2019,48,"2"
2019-12-09,34,2019,49,"2"
2019-12-16,47,2019,50,"2"
2019-12-23,44,2019,51,"2"
2019-12-30,32,2019,52,"2"
2020-01-06,25,2020,1,"2"
2020-01-13,38,2020,2,"2"
2020-01-20,59,2020,3,"2"
2020-01-27,32,2020,4,"2"
2020-02-03,43,2020,5,"2"
2020-02-10,44,2020,6,"2"
2020-02-17,36,2020,7,"2"
2020-02-24,42,2020,8,"2"
2020-03-02,41,2020,9,"2"
2020-03-09,33,2020,10,"2"
2020-03-16,16,2020,11,"2"
2020-03-23,28,2020,12,"2"
2020-03-30,16,2020,13,"2"
2020-04-06,8,2020,14,"2"
2020-04-13,18,2020,15,"2"
2020-04-20,19,2020,16,"2"
2020-04-27,22,2020,17,"2"
2020-05-04,26,2020,18,"2"
2020-05-11,42,2020,19,"2"
2020-05-18,27,2020,20,"2"
2020-05-25,41,2020,21,"2"
2020-06-01,44,2020,22,"2"
2020-06-08,35,2020,23,"2"
2020-06-15,10,2020,24,"2"
2016-06-13,8,2016,24,"3"
2016-06-20,20,2016,25,"3"
2016-06-27,14,2016,26,"3"
2016-07-04,10,2016,27,"3"
2016-07-11,15,2016,28,"3"
2016-07-18,23,2016,29,"3"
2016-07-25,19,2016,30,"3"
2016-08-01,25,2016,31,"3"
2016-08-08,15,2016,32,"3"
2016-08-15,14,2016,33,"3"
2016-08-22,25,2016,34,"3"
2016-08-29,19,2016,35,"3"
2016-09-05,25,2016,36,"3"
2016-09-12,26,2016,37,"3"
2016-09-19,25,2016,38,"3"
2016-09-26,23,2016,39,"3"
2016-10-03,15,2016,40,"3"
2016-10-10,15,2016,41,"3"
2016-10-17,15,2016,42,"3"
2016-10-24,13,2016,43,"3"
2016-10-31,9,2016,44,"3"
2016-11-07,13,2016,45,"3"
2016-11-14,16,2016,46,"3"
2016-11-21,11,2016,47,"3"
2016-11-28,20,2016,48,"3"
2016-12-05,19,2016,49,"3"
2016-12-12,16,2016,50,"3"
2016-12-19,25,2016,51,"3"
2016-12-26,18,2016,52,"3"
2017-01-02,13,2017,1,"3"
2017-01-09,82,2017,2,"3"
2017-01-16,64,2017,3,"3"
2017-01-23,68,2017,4,"3"
2017-01-30,73,2017,5,"3"
2017-02-06,32,2017,6,"3"
2017-02-13,37,2017,7,"3"
2017-02-20,28,2017,8,"3"
2017-02-27,23,2017,9,"3"
2017-03-06,24,2017,10,"3"
2017-03-13,19,2017,11,"3"
2017-03-20,25,2017,12,"3"
2017-03-27,20,2017,13,"3"
2017-04-03,21,2017,14,"3"
2017-04-10,25,2017,15,"3"
2017-04-17,27,2017,16,"3"
2017-04-24,21,2017,17,"3"
2017-05-01,19,2017,18,"3"
2017-05-08,18,2017,19,"3"
2017-05-15,21,2017,20,"3"
2017-05-22,23,2017,21,"3"
2017-05-29,12,2017,22,"3"
2017-06-05,17,2017,23,"3"
2017-06-12,24,2017,24,"3"
2017-06-19,15,2017,25,"3"
2017-06-26,18,2017,26,"3"
2017-07-03,6,2017,27,"3"
2017-07-10,20,2017,28,"3"
2017-07-17,15,2017,29,"3"
2017-07-24,18,2017,30,"3"
2017-07-31,23,2017,31,"3"
2017-08-07,18,2017,32,"3"
2017-08-14,40,2017,33,"3"
2017-08-21,22,2017,34,"3"
2017-08-28,25,2017,35,"3"
2017-09-04,16,2017,36,"3"
2017-09-11,3,2017,37,"3"
2017-09-18,14,2017,38,"3"
2017-09-25,18,2017,39,"3"
2017-10-02,15,2017,40,"3"
2017-10-09,15,2017,41,"3"
2017-10-16,8,2017,42,"3"
2017-10-23,12,2017,43,"3"
2017-10-30,23,2017,44,"3"
2017-11-06,15,2017,45,"3"
2017-11-13,16,2017,46,"3"
2017-11-20,16,2017,47,"3"
2017-11-27,5,2017,48,"3"
2017-12-04,12,2017,49,"3"
2017-12-11,8,2017,50,"3"
2017-12-18,19,2017,51,"3"
2017-12-25,11,2017,52,"3"
2018-01-01,13,2018,1,"3"
2018-01-08,21,2018,2,"3"
2018-01-15,9,2018,3,"3"
2018-01-22,6,2018,4,"3"
2018-01-29,6,2018,5,"3"
2018-02-05,10,2018,6,"3"
2018-02-12,13,2018,7,"3"
2018-02-19,2,2018,8,"3"
2018-02-26,6,2018,9,"3"
2018-03-05,10,2018,10,"3"
2018-03-12,10,2018,11,"3"
2018-03-19,7,2018,12,"3"
2018-03-26,13,2018,13,"3"
2018-04-02,12,2018,14,"3"
2018-04-09,17,2018,15,"3"
2018-04-16,9,2018,16,"3"
2018-04-23,15,2018,17,"3"
2018-04-30,13,2018,18,"3"
2018-05-07,7,2018,19,"3"
2018-05-14,9,2018,20,"3"
2018-05-21,9,2018,21,"3"
2018-05-28,16,2018,22,"3"
2018-06-04,12,2018,23,"3"
2018-06-11,12,2018,24,"3"
2018-06-18,14,2018,25,"3"
2018-06-25,9,2018,26,"3"
2018-07-02,14,2018,27,"3"
2018-07-09,15,2018,28,"3"
2018-07-16,12,2018,29,"3"
2018-07-23,16,2018,30,"3"
2018-07-30,11,2018,31,"3"
2018-08-06,14,2018,32,"3"
2018-08-13,15,2018,33,"3"
2018-08-20,8,2018,34,"3"
2018-08-27,16,2018,35,"3"
2018-09-03,5,2018,36,"3"
2018-09-10,6,2018,37,"3"
2018-09-17,11,2018,38,"3"
2018-09-24,11,2018,39,"3"
2018-10-01,13,2018,40,"3"
2018-10-08,23,2018,41,"3"
2018-10-15,10,2018,42,"3"
2018-10-22,7,2018,43,"3"
2018-10-29,9,2018,44,"3"
2018-11-05,12,2018,45,"3"
2018-11-12,10,2018,46,"3"
2018-11-19,6,2018,47,"3"
2018-11-26,6,2018,48,"3"
2018-12-03,5,2018,49,"3"
2018-12-10,6,2018,50,"3"
2018-12-17,16,2018,51,"3"
2018-12-24,8,2018,52,"3"
2018-12-31,12,2018,53,"3"
2019-01-07,11,2019,1,"3"
2019-01-14,5,2019,2,"3"
2019-01-21,6,2019,3,"3"
2019-01-28,9,2019,4,"3"
2019-02-04,33,2019,5,"3"
2019-02-11,49,2019,6,"3"
2019-02-18,45,2019,7,"3"
2019-02-25,37,2019,8,"3"
2019-03-04,45,2019,9,"3"
2019-03-11,32,2019,10,"3"
2019-03-18,19,2019,11,"3"
2019-03-25,24,2019,12,"3"
2019-04-01,29,2019,13,"3"
2019-04-08,30,2019,14,"3"
2019-04-15,30,2019,15,"3"
2019-04-22,20,2019,16,"3"
2019-04-29,37,2019,17,"3"
2019-05-06,26,2019,18,"3"
2019-05-13,42,2019,19,"3"
2019-05-20,20,2019,20,"3"
2019-05-27,25,2019,21,"3"
2019-06-03,27,2019,22,"3"
2019-06-10,24,2019,23,"3"
2019-06-17,42,2019,24,"3"
2019-06-24,31,2019,25,"3"
2019-07-01,29,2019,26,"3"
2019-07-08,40,2019,27,"3"
2019-07-15,18,2019,28,"3"
2019-07-22,38,2019,29,"3"
2019-07-29,47,2019,30,"3"
2019-08-05,45,2019,31,"3"
2019-08-12,43,2019,32,"3"
2019-08-19,38,2019,33,"3"
2019-08-26,34,2019,34,"3"
2019-09-02,31,2019,35,"3"
2019-09-09,25,2019,36,"3"
2019-09-16,25,2019,37,"3"
2019-09-23,28,2019,38,"3"
2019-09-30,24,2019,39,"3"
2019-10-07,27,2019,40,"3"
2019-10-14,16,2019,41,"3"
2019-10-21,24,2019,42,"3"
2019-10-28,16,2019,43,"3"
2019-11-04,19,2019,44,"3"
2019-11-11,21,2019,45,"3"
2019-11-18,21,2019,46,"3"
2019-11-25,9,2019,47,"3"
2019-12-02,35,2019,48,"3"
2019-12-09,30,2019,49,"3"
2019-12-16,22,2019,50,"3"
2019-12-23,23,2019,51,"3"
2019-12-30,23,2019,52,"3"
2020-01-06,20,2020,1,"3"
2020-01-13,17,2020,2,"3"
2020-01-20,25,2020,3,"3"
2020-01-27,22,2020,4,"3"
2020-02-03,25,2020,5,"3"
2020-02-10,27,2020,6,"3"
2020-02-17,23,2020,7,"3"
2020-02-24,20,2020,8,"3"
2020-03-02,20,2020,9,"3"
2020-03-09,17,2020,10,"3"
2020-03-16,11,2020,11,"3"
2020-03-23,11,2020,12,"3"
2020-03-30,19,2020,13,"3"
2020-04-06,10,2020,14,"3"
2020-04-13,13,2020,15,"3"
2020-04-20,17,2020,16,"3"
2020-04-27,17,2020,17,"3"
2020-05-04,4,2020,18,"3"
2020-05-11,23,2020,19,"3"
2020-05-18,14,2020,20,"3"
2020-05-25,20,2020,21,"3"
2020-06-01,12,2020,22,"3"
2020-06-08,27,2020,23,"3"
2020-06-15,3,2020,24,"3"
2016-06-13,10,2016,24,"4"
2016-06-20,9,2016,25,"4"
2016-06-27,15,2016,26,"4"
2016-07-04,16,2016,27,"4"
2016-07-11,15,2016,28,"4"
2016-07-18,13,2016,29,"4"
2016-07-25,7,2016,30,"4"
2016-08-01,11,2016,31,"4"
2016-08-08,19,2016,32,"4"
2016-08-15,13,2016,33,"4"
2016-08-22,12,2016,34,"4"
2016-08-29,17,2016,35,"4"
2016-09-05,15,2016,36,"4"
2016-09-12,12,2016,37,"4"
2016-09-19,12,2016,38,"4"
2016-09-26,13,2016,39,"4"
2016-10-03,11,2016,40,"4"
2016-10-10,9,2016,41,"4"
2016-10-17,21,2016,42,"4"
2016-10-24,12,2016,43,"4"
2016-10-31,6,2016,44,"4"
2016-11-07,2,2016,45,"4"
2016-11-14,5,2016,46,"4"
2016-11-21,6,2016,47,"4"
2016-11-28,6,2016,48,"4"
2016-12-05,10,2016,49,"4"
2016-12-12,5,2016,50,"4"
2016-12-19,6,2016,51,"4"
2016-12-26,6,2016,52,"4"
2017-01-02,3,2017,1,"4"
2017-01-09,9,2017,2,"4"
2017-01-16,6,2017,3,"4"
2017-01-23,6,2017,4,"4"
2017-01-30,6,2017,5,"4"
2017-02-06,8,2017,6,"4"
2017-02-13,3,2017,7,"4"
2017-02-20,5,2017,8,"4"
2017-02-27,2,2017,9,"4"
2017-03-06,6,2017,10,"4"
2017-03-13,9,2017,11,"4"
2017-03-20,6,2017,12,"4"
2017-03-27,7,2017,13,"4"
2017-04-03,5,2017,14,"4"
2017-04-10,5,2017,15,"4"
2017-04-17,5,2017,16,"4"
2017-04-24,3,2017,17,"4"
2017-05-01,5,2017,18,"4"
2017-05-08,3,2017,19,"4"
2017-05-15,4,2017,20,"4"
2017-05-22,10,2017,21,"4"
2017-05-29,11,2017,22,"4"
2017-06-05,14,2017,23,"4"
2017-06-12,8,2017,24,"4"
2017-06-19,12,2017,25,"4"
2017-06-26,10,2017,26,"4"
2017-07-03,9,2017,27,"4"
2017-07-10,6,2017,28,"4"
2017-07-17,9,2017,29,"4"
2017-07-24,9,2017,30,"4"
2017-07-31,11,2017,31,"4"
2017-08-07,15,2017,32,"4"
2017-08-14,13,2017,33,"4"
2017-08-21,9,2017,34,"4"
2017-08-28,9,2017,35,"4"
2017-09-04,7,2017,36,"4"
2017-09-11,4,2017,37,"4"
2017-09-18,7,2017,38,"4"
2017-09-25,6,2017,39,"4"
2017-10-02,4,2017,40,"4"
2017-10-09,8,2017,41,"4"
2017-10-16,10,2017,42,"4"
2017-10-23,3,2017,43,"4"
2017-10-30,11,2017,44,"4"
2017-11-06,13,2017,45,"4"
2017-11-13,4,2017,46,"4"
2017-11-20,4,2017,47,"4"
2017-11-27,4,2017,48,"4"
2017-12-04,3,2017,49,"4"
2017-12-11,10,2017,50,"4"
2017-12-18,7,2017,51,"4"
2017-12-25,3,2017,52,"4"
2018-01-01,6,2018,1,"4"
2018-01-08,8,2018,2,"4"
2018-01-15,5,2018,3,"4"
2018-01-22,2,2018,4,"4"
2018-01-29,2,2018,5,"4"
2018-02-05,2,2018,6,"4"
2018-02-12,2,2018,7,"4"
2018-02-19,6,2018,8,"4"
2018-02-26,2,2018,9,"4"
2018-03-05,2,2018,10,"4"
2018-03-12,5,2018,11,"4"
2018-03-19,2,2018,12,"4"
2018-03-26,6,2018,13,"4"
2018-04-02,2,2018,14,"4"
2018-04-09,2,2018,15,"4"
2018-04-16,1,2018,16,"4"
2018-04-23,2,2018,17,"4"
2018-04-30,1,2018,18,"4"
2018-05-07,2,2018,19,"4"
2018-05-14,5,2018,20,"4"
2018-05-21,7,2018,21,"4"
2018-05-28,4,2018,22,"4"
2018-06-04,1,2018,23,"4"
2018-06-11,4,2018,24,"4"
2018-06-18,3,2018,25,"4"
2018-06-25,3,2018,26,"4"
2018-07-02,3,2018,27,"4"
2018-07-09,6,2018,28,"4"
2018-07-16,8,2018,29,"4"
2018-07-23,4,2018,30,"4"
2018-07-30,6,2018,31,"4"
2018-08-06,6,2018,32,"4"
2018-08-13,3,2018,33,"4"
2018-08-20,5,2018,34,"4"
2018-08-27,2,2018,35,"4"
2018-09-03,3,2018,36,"4"
2018-09-10,2,2018,37,"4"
2018-09-17,1,2018,38,"4"
2018-09-24,4,2018,39,"4"
2018-10-01,1,2018,40,"4"
2018-10-08,3,2018,41,"4"
2018-10-15,1,2018,42,"4"
2018-10-22,4,2018,43,"4"
2018-10-29,1,2018,44,"4"
2018-11-05,4,2018,45,"4"
2018-11-12,2,2018,46,"4"
2018-11-19,3,2018,47,"4"
2018-11-26,3,2018,48,"4"
2018-12-03,3,2018,49,"4"
2018-12-10,2,2018,50,"4"
2018-12-17,2,2018,51,"4"
2018-12-24,0,2018,52,"4"
2018-12-31,3,2018,53,"4"
2019-01-07,2,2019,1,"4"
2019-01-14,1,2019,2,"4"
2019-01-21,6,2019,3,"4"
2019-01-28,6,2019,4,"4"
2019-02-04,4,2019,5,"4"
2019-02-11,4,2019,6,"4"
2019-02-18,0,2019,7,"4"
2019-02-25,3,2019,8,"4"
2019-03-04,1,2019,9,"4"
2019-03-11,3,2019,10,"4"
2019-03-18,2,2019,11,"4"
2019-03-25,4,2019,12,"4"
2019-04-01,3,2019,13,"4"
2019-04-08,1,2019,14,"4"
2019-04-15,1,2019,15,"4"
2019-04-22,3,2019,16,"4"
2019-04-29,2,2019,17,"4"
2019-05-06,4,2019,18,"4"
2019-05-13,0,2019,19,"4"
2019-05-20,3,2019,20,"4"
2019-05-27,8,2019,21,"4"
2019-06-03,3,2019,22,"4"
2019-06-10,5,2019,23,"4"
2019-06-17,6,2019,24,"4"
2019-06-24,5,2019,25,"4"
2019-07-01,4,2019,26,"4"
2019-07-08,8,2019,27,"4"
2019-07-15,2,2019,28,"4"
2019-07-22,3,2019,29,"4"
2019-07-29,3,2019,30,"4"
2019-08-05,2,2019,31,"4"
2019-08-12,4,2019,32,"4"
2019-08-19,0,2019,33,"4"
2019-08-26,3,2019,34,"4"
2019-09-02,4,2019,35,"4"
2019-09-09,4,2019,36,"4"
2019-09-16,3,2019,37,"4"
2019-09-23,3,2019,38,"4"
2019-09-30,1,2019,39,"4"
2019-10-07,3,2019,40,"4"
2019-10-14,4,2019,41,"4"
2019-10-21,2,2019,42,"4"
2019-10-28,1,2019,43,"4"
2019-11-04,2,2019,44,"4"
2019-11-11,2,2019,45,"4"
2019-11-18,1,2019,46,"4"
2019-11-25,1,2019,47,"4"
2019-12-02,0,2019,48,"4"
2019-12-09,1,2019,49,"4"
2019-12-16,0,2019,50,"4"
2019-12-23,1,2019,51,"4"
2019-12-30,1,2019,52,"4"
2020-01-06,0,2020,1,"4"
2020-01-13,1,2020,2,"4"
2020-01-20,1,2020,3,"4"
2020-01-27,2,2020,4,"4"
2020-02-03,1,2020,5,"4"
2020-02-10,0,2020,6,"4"
2020-02-17,3,2020,7,"4"
2020-02-24,3,2020,8,"4"
2020-03-02,4,2020,9,"4"
2020-03-09,2,2020,10,"4"
2020-03-16,3,2020,11,"4"
2020-03-23,0,2020,12,"4"
2020-03-30,0,2020,13,"4"
2020-04-06,3,2020,14,"4"
2020-04-13,1,2020,15,"4"
2020-04-20,1,2020,16,"4"
2020-04-27,6,2020,17,"4"
2020-05-04,2,2020,18,"4"
2020-05-11,2,2020,19,"4"
2020-05-18,2,2020,20,"4"
2020-05-25,0,2020,21,"4"
2020-06-01,4,2020,22,"4"
2020-06-08,3,2020,23,"4"
2020-06-15,2,2020,24,"4"
2016-06-13,265,2016,24,"5"
2016-06-20,422,2016,25,"5"
2016-06-27,355,2016,26,"5"
2016-07-04,300,2016,27,"5"
2016-07-11,317,2016,28,"5"
2016-07-18,300,2016,29,"5"
2016-07-25,308,2016,30,"5"
2016-08-01,309,2016,31,"5"
2016-08-08,350,2016,32,"5"
2016-08-15,324,2016,33,"5"
2016-08-22,348,2016,34,"5"
2016-08-29,303,2016,35,"5"
2016-09-05,287,2016,36,"5"
2016-09-12,294,2016,37,"5"
2016-09-19,228,2016,38,"5"
2016-09-26,247,2016,39,"5"
2016-10-03,251,2016,40,"5"
2016-10-10,247,2016,41,"5"
2016-10-17,252,2016,42,"5"
2016-10-24,268,2016,43,"5"
2016-10-31,446,2016,44,"5"
2016-11-07,437,2016,45,"5"
2016-11-14,361,2016,46,"5"
2016-11-21,448,2016,47,"5"
2016-11-28,321,2016,48,"5"
2016-12-05,253,2016,49,"5"
2016-12-12,238,2016,50,"5"
2016-12-19,297,2016,51,"5"
2016-12-26,276,2016,52,"5"
2017-01-02,210,2017,1,"5"
2017-01-09,198,2017,2,"5"
2017-01-16,198,2017,3,"5"
2017-01-23,188,2017,4,"5"
2017-01-30,143,2017,5,"5"
2017-02-06,187,2017,6,"5"
2017-02-13,185,2017,7,"5"
2017-02-20,178,2017,8,"5"
2017-02-27,155,2017,9,"5"
2017-03-06,165,2017,10,"5"
2017-03-13,199,2017,11,"5"
2017-03-20,166,2017,12,"5"
2017-03-27,155,2017,13,"5"
2017-04-03,169,2017,14,"5"
2017-04-10,183,2017,15,"5"
2017-04-17,184,2017,16,"5"
2017-04-24,156,2017,17,"5"
2017-05-01,163,2017,18,"5"
2017-05-08,164,2017,19,"5"
2017-05-15,214,2017,20,"5"
2017-05-22,210,2017,21,"5"
2017-05-29,188,2017,22,"5"
2017-06-05,180,2017,23,"5"
2017-06-12,187,2017,24,"5"
2017-06-19,200,2017,25,"5"
2017-06-26,289,2017,26,"5"
2017-07-03,278,2017,27,"5"
2017-07-10,259,2017,28,"5"
2017-07-17,234,2017,29,"5"
2017-07-24,242,2017,30,"5"
2017-07-31,231,2017,31,"5"
2017-08-07,286,2017,32,"5"
2017-08-14,250,2017,33,"5"
2017-08-21,230,2017,34,"5"
2017-08-28,215,2017,35,"5"
2017-09-04,215,2017,36,"5"
2017-09-11,175,2017,37,"5"
2017-09-18,197,2017,38,"5"
2017-09-25,179,2017,39,"5"
2017-10-02,188,2017,40,"5"
2017-10-09,153,2017,41,"5"
2017-10-16,151,2017,42,"5"
2017-10-23,164,2017,43,"5"
2017-10-30,146,2017,44,"5"
2017-11-06,135,2017,45,"5"
2017-11-13,140,2017,46,"5"
2017-11-20,136,2017,47,"5"
2017-11-27,148,2017,48,"5"
2017-12-04,124,2017,49,"5"
2017-12-11,117,2017,50,"5"
2017-12-18,155,2017,51,"5"
2017-12-25,147,2017,52,"5"
2018-01-01,125,2018,1,"5"
2018-01-08,115,2018,2,"5"
2018-01-15,127,2018,3,"5"
2018-01-22,141,2018,4,"5"
2018-01-29,133,2018,5,"5"
2018-02-05,92,2018,6,"5"
2018-02-12,96,2018,7,"5"
2018-02-19,92,2018,8,"5"
2018-02-26,106,2018,9,"5"
2018-03-05,97,2018,10,"5"
2018-03-12,104,2018,11,"5"
2018-03-19,103,2018,12,"5"
2018-03-26,119,2018,13,"5"
2018-04-02,138,2018,14,"5"
2018-04-09,150,2018,15,"5"
2018-04-16,88,2018,16,"5"
2018-04-23,105,2018,17,"5"
2018-04-30,99,2018,18,"5"
2018-05-07,116,2018,19,"5"
2018-05-14,93,2018,20,"5"
2018-05-21,118,2018,21,"5"
2018-05-28,73,2018,22,"5"
2018-06-04,104,2018,23,"5"
2018-06-11,120,2018,24,"5"
2018-06-18,131,2018,25,"5"
2018-06-25,108,2018,26,"5"
2018-07-02,98,2018,27,"5"
2018-07-09,116,2018,28,"5"
2018-07-16,139,2018,29,"5"
2018-07-23,137,2018,30,"5"
2018-07-30,148,2018,31,"5"
2018-08-06,170,2018,32,"5"
2018-08-13,183,2018,33,"5"
2018-08-20,132,2018,34,"5"
2018-08-27,121,2018,35,"5"
2018-09-03,170,2018,36,"5"
2018-09-10,115,2018,37,"5"
2018-09-17,89,2018,38,"5"
2018-09-24,111,2018,39,"5"
2018-10-01,94,2018,40,"5"
2018-10-08,111,2018,41,"5"
2018-10-15,76,2018,42,"5"
2018-10-22,95,2018,43,"5"
2018-10-29,88,2018,44,"5"
2018-11-05,91,2018,45,"5"
2018-11-12,130,2018,46,"5"
2018-11-19,146,2018,47,"5"
2018-11-26,103,2018,48,"5"
2018-12-03,90,2018,49,"5"
2018-12-10,104,2018,50,"5"
2018-12-17,88,2018,51,"5"
2018-12-24,83,2018,52,"5"
2018-12-31,73,2018,53,"5"
2019-01-07,61,2019,1,"5"
2019-01-14,77,2019,2,"5"
2019-01-21,105,2019,3,"5"
2019-01-28,89,2019,4,"5"
2019-02-04,257,2019,5,"5"
2019-02-11,197,2019,6,"5"
2019-02-18,156,2019,7,"5"
2019-02-25,160,2019,8,"5"
2019-03-04,153,2019,9,"5"
2019-03-11,166,2019,10,"5"
2019-03-18,181,2019,11,"5"
2019-03-25,182,2019,12,"5"
2019-04-01,385,2019,13,"5"
2019-04-08,166,2019,14,"5"
2019-04-15,154,2019,15,"5"
2019-04-22,136,2019,16,"5"
2019-04-29,165,2019,17,"5"
2019-05-06,151,2019,18,"5"
2019-05-13,122,2019,19,"5"
2019-05-20,154,2019,20,"5"
2019-05-27,195,2019,21,"5"
2019-06-03,202,2019,22,"5"
2019-06-10,216,2019,23,"5"
2019-06-17,230,2019,24,"5"
2019-06-24,197,2019,25,"5"
2019-07-01,196,2019,26,"5"
2019-07-08,217,2019,27,"5"
2019-07-15,241,2019,28,"5"
2019-07-22,166,2019,29,"5"
2019-07-29,149,2019,30,"5"
2019-08-05,198,2019,31,"5"
2019-08-12,210,2019,32,"5"
2019-08-19,268,2019,33,"5"
2019-08-26,310,2019,34,"5"
2019-09-02,265,2019,35,"5"
2019-09-09,216,2019,36,"5"
2019-09-16,222,2019,37,"5"
2019-09-23,170,2019,38,"5"
2019-09-30,148,2019,39,"5"
2019-10-07,194,2019,40,"5"
2019-10-14,162,2019,41,"5"
2019-10-21,167,2019,42,"5"
2019-10-28,181,2019,43,"5"
2019-11-04,166,2019,44,"5"
2019-11-11,95,2019,45,"5"
2019-11-18,97,2019,46,"5"
2019-11-25,110,2019,47,"5"
2019-12-02,121,2019,48,"5"
2019-12-09,172,2019,49,"5"
2019-12-16,171,2019,50,"5"
2019-12-23,123,2019,51,"5"
2019-12-30,156,2019,52,"5"
2020-01-06,111,2020,1,"5"
2020-01-13,121,2020,2,"5"
2020-01-20,168,2020,3,"5"
2020-01-27,111,2020,4,"5"
2020-02-03,123,2020,5,"5"
2020-02-10,109,2020,6,"5"
2020-02-17,106,2020,7,"5"
2020-02-24,93,2020,8,"5"
2020-03-02,102,2020,9,"5"
2020-03-09,114,2020,10,"5"
2020-03-16,89,2020,11,"5"
2020-03-23,62,2020,12,"5"
2020-03-30,64,2020,13,"5"
2020-04-06,68,2020,14,"5"
2020-04-13,86,2020,15,"5"
2020-04-20,68,2020,16,"5"
2020-04-27,66,2020,17,"5"
2020-05-04,70,2020,18,"5"
2020-05-11,83,2020,19,"5"
2020-05-18,104,2020,20,"5"
2020-05-25,95,2020,21,"5"
2020-06-01,92,2020,22,"5"
2020-06-08,120,2020,23,"5"
2020-06-15,12,2020,24,"5"
2016-06-13,103,2016,24,"6"
2016-06-20,143,2016,25,"6"
2016-06-27,230,2016,26,"6"
2016-07-04,189,2016,27,"6"
2016-07-11,168,2016,28,"6"
2016-07-18,210,2016,29,"6"
2016-07-25,202,2016,30,"6"
2016-08-01,180,2016,31,"6"
2016-08-08,157,2016,32,"6"
2016-08-15,268,2016,33,"6"
2016-08-22,246,2016,34,"6"
2016-08-29,293,2016,35,"6"
2016-09-05,196,2016,36,"6"
2016-09-12,256,2016,37,"6"
2016-09-19,200,2016,38,"6"
2016-09-26,315,2016,39,"6"
2016-10-03,216,2016,40,"6"
2016-10-10,150,2016,41,"6"
2016-10-17,171,2016,42,"6"
2016-10-24,243,2016,43,"6"
2016-10-31,192,2016,44,"6"
2016-11-07,172,2016,45,"6"
2016-11-14,219,2016,46,"6"
2016-11-21,159,2016,47,"6"
2016-11-28,274,2016,48,"6"
2016-12-05,246,2016,49,"6"
2016-12-12,221,2016,50,"6"
2016-12-19,180,2016,51,"6"
2016-12-26,339,2016,52,"6"
2017-01-02,277,2017,1,"6"
2017-01-09,193,2017,2,"6"
2017-01-16,159,2017,3,"6"
2017-01-23,161,2017,4,"6"
2017-01-30,269,2017,5,"6"
2017-02-06,210,2017,6,"6"
2017-02-13,203,2017,7,"6"
2017-02-20,184,2017,8,"6"
2017-02-27,228,2017,9,"6"
2017-03-06,180,2017,10,"6"
2017-03-13,253,2017,11,"6"
2017-03-20,159,2017,12,"6"
2017-03-27,164,2017,13,"6"
2017-04-03,139,2017,14,"6"
2017-04-10,217,2017,15,"6"
2017-04-17,159,2017,16,"6"
2017-04-24,146,2017,17,"6"
2017-05-01,111,2017,18,"6"
2017-05-08,90,2017,19,"6"
2017-05-15,112,2017,20,"6"
2017-05-22,149,2017,21,"6"
2017-05-29,201,2017,22,"6"
2017-06-05,102,2017,23,"6"
2017-06-12,101,2017,24,"6"
2017-06-19,136,2017,25,"6"
2017-06-26,141,2017,26,"6"
2017-07-03,142,2017,27,"6"
2017-07-10,166,2017,28,"6"
2017-07-17,292,2017,29,"6"
2017-07-24,218,2017,30,"6"
2017-07-31,175,2017,31,"6"
2017-08-07,204,2017,32,"6"
2017-08-14,161,2017,33,"6"
2017-08-21,118,2017,34,"6"
2017-08-28,120,2017,35,"6"
2017-09-04,140,2017,36,"6"
2017-09-11,389,2017,37,"6"
2017-09-18,155,2017,38,"6"
2017-09-25,161,2017,39,"6"
2017-10-02,137,2017,40,"6"
2017-10-09,157,2017,41,"6"
2017-10-16,110,2017,42,"6"
2017-10-23,133,2017,43,"6"
2017-10-30,442,2017,44,"6"
2017-11-06,147,2017,45,"6"
2017-11-13,124,2017,46,"6"
2017-11-20,93,2017,47,"6"
2017-11-27,146,2017,48,"6"
2017-12-04,88,2017,49,"6"
2017-12-11,99,2017,50,"6"
2017-12-18,161,2017,51,"6"
2017-12-25,198,2017,52,"6"
2018-01-01,85,2018,1,"6"
2018-01-08,72,2018,2,"6"
2018-01-15,147,2018,3,"6"
2018-01-22,94,2018,4,"6"
2018-01-29,109,2018,5,"6"
2018-02-05,83,2018,6,"6"
2018-02-12,75,2018,7,"6"
2018-02-19,61,2018,8,"6"
2018-02-26,62,2018,9,"6"
2018-03-05,208,2018,10,"6"
2018-03-12,91,2018,11,"6"
2018-03-19,84,2018,12,"6"
2018-03-26,100,2018,13,"6"
2018-04-02,74,2018,14,"6"
2018-04-09,75,2018,15,"6"
2018-04-16,70,2018,16,"6"
2018-04-23,71,2018,17,"6"
2018-04-30,60,2018,18,"6"
2018-05-07,126,2018,19,"6"
2018-05-14,98,2018,20,"6"
2018-05-21,98,2018,21,"6"
2018-05-28,73,2018,22,"6"
2018-06-04,124,2018,23,"6"
2018-06-11,99,2018,24,"6"
2018-06-18,77,2018,25,"6"
2018-06-25,70,2018,26,"6"
2018-07-02,80,2018,27,"6"
2018-07-09,61,2018,28,"6"
2018-07-16,86,2018,29,"6"
2018-07-23,132,2018,30,"6"
2018-07-30,137,2018,31,"6"
2018-08-06,87,2018,32,"6"
2018-08-13,78,2018,33,"6"
2018-08-20,133,2018,34,"6"
2018-08-27,78,2018,35,"6"
2018-09-03,65,2018,36,"6"
2018-09-10,70,2018,37,"6"
2018-09-17,85,2018,38,"6"
2018-09-24,91,2018,39,"6"
2018-10-01,142,2018,40,"6"
2018-10-08,378,2018,41,"6"
2018-10-15,270,2018,42,"6"
2018-10-22,232,2018,43,"6"
2018-10-29,229,2018,44,"6"
2018-11-05,197,2018,45,"6"
2018-11-12,258,2018,46,"6"
2018-11-19,199,2018,47,"6"
2018-11-26,187,2018,48,"6"
2018-12-03,185,2018,49,"6"
2018-12-10,174,2018,50,"6"
2018-12-17,209,2018,51,"6"
2018-12-24,228,2018,52,"6"
2018-12-31,118,2018,53,"6"
2019-01-07,124,2019,1,"6"
2019-01-14,113,2019,2,"6"
2019-01-21,94,2019,3,"6"
2019-01-28,169,2019,4,"6"
2019-02-04,245,2019,5,"6"
2019-02-11,226,2019,6,"6"
2019-02-18,194,2019,7,"6"
2019-02-25,190,2019,8,"6"
2019-03-04,170,2019,9,"6"
2019-03-11,187,2019,10,"6"
2019-03-18,334,2019,11,"6"
2019-03-25,293,2019,12,"6"
2019-04-01,237,2019,13,"6"
2019-04-08,238,2019,14,"6"
2019-04-15,172,2019,15,"6"
2019-04-22,145,2019,16,"6"
2019-04-29,138,2019,17,"6"
2019-05-06,234,2019,18,"6"
2019-05-13,191,2019,19,"6"
2019-05-20,225,2019,20,"6"
2019-05-27,251,2019,21,"6"
2019-06-03,218,2019,22,"6"
2019-06-10,173,2019,23,"6"
2019-06-17,169,2019,24,"6"
2019-06-24,110,2019,25,"6"
2019-07-01,257,2019,26,"6"
2019-07-08,157,2019,27,"6"
2019-07-15,134,2019,28,"6"
2019-07-22,138,2019,29,"6"
2019-07-29,107,2019,30,"6"
2019-08-05,105,2019,31,"6"
2019-08-12,126,2019,32,"6"
2019-08-19,218,2019,33,"6"
2019-08-26,216,2019,34,"6"
2019-09-02,133,2019,35,"6"
2019-09-09,232,2019,36,"6"
2019-09-16,181,2019,37,"6"
2019-09-23,111,2019,38,"6"
2019-09-30,135,2019,39,"6"
2019-10-07,237,2019,40,"6"
2019-10-14,206,2019,41,"6"
2019-10-21,150,2019,42,"6"
2019-10-28,170,2019,43,"6"
2019-11-04,124,2019,44,"6"
2019-11-11,105,2019,45,"6"
2019-11-18,119,2019,46,"6"
2019-11-25,118,2019,47,"6"
2019-12-02,103,2019,48,"6"
2019-12-09,88,2019,49,"6"
2019-12-16,80,2019,50,"6"
2019-12-23,85,2019,51,"6"
2019-12-30,214,2019,52,"6"
2020-01-06,112,2020,1,"6"
2020-01-13,93,2020,2,"6"
2020-01-20,88,2020,3,"6"
2020-01-27,92,2020,4,"6"
2020-02-03,69,2020,5,"6"
2020-02-10,68,2020,6,"6"
2020-02-17,72,2020,7,"6"
2020-02-24,73,2020,8,"6"
2020-03-02,127,2020,9,"6"
2020-03-09,119,2020,10,"6"
2020-03-16,93,2020,11,"6"
2020-03-23,66,2020,12,"6"
2020-03-30,73,2020,13,"6"
2020-04-06,62,2020,14,"6"
2020-04-13,83,2020,15,"6"
2020-04-20,58,2020,16,"6"
2020-04-27,113,2020,17,"6"
2020-05-04,68,2020,18,"6"
2020-05-11,63,2020,19,"6"
2020-05-18,81,2020,20,"6"
2020-05-25,55,2020,21,"6"
2020-06-01,64,2020,22,"6"
2020-06-08,124,2020,23,"6"
2020-06-15,11,2020,24,"6"
2018-09-10,166,2018,37,"7"
2018-09-17,315,2018,38,"7"
2018-09-24,340,2018,39,"7"
2018-10-01,371,2018,40,"7"
2018-10-08,348,2018,41,"7"
2018-10-15,341,2018,42,"7"
2018-10-22,436,2018,43,"7"
2018-10-29,403,2018,44,"7"
2018-11-05,352,2018,45,"7"
2018-11-12,350,2018,46,"7"
2018-11-19,430,2018,47,"7"
2018-11-26,285,2018,48,"7"
2018-12-03,333,2018,49,"7"
2018-12-10,308,2018,50,"7"
2018-12-17,290,2018,51,"7"
2018-12-24,309,2018,52,"7"
2018-12-31,222,2018,53,"7"
2019-01-07,279,2019,1,"7"
2019-01-14,210,2019,2,"7"
2019-01-21,217,2019,3,"7"
2019-01-28,219,2019,4,"7"
2019-02-04,299,2019,5,"7"
2019-02-11,297,2019,6,"7"
2019-02-18,315,2019,7,"7"
2019-02-25,286,2019,8,"7"
2019-03-04,335,2019,9,"7"
2019-03-11,318,2019,10,"7"
2019-03-18,314,2019,11,"7"
2019-03-25,337,2019,12,"7"
2019-04-01,331,2019,13,"7"
2019-04-08,391,2019,14,"7"
2019-04-15,370,2019,15,"7"
2019-04-22,338,2019,16,"7"
2019-04-29,293,2019,17,"7"
2019-05-06,296,2019,18,"7"
2019-05-13,291,2019,19,"7"
2019-05-20,371,2019,20,"7"
2019-05-27,513,2019,21,"7"
2019-06-03,480,2019,22,"7"
2019-06-10,446,2019,23,"7"
2019-06-17,521,2019,24,"7"
2019-06-24,491,2019,25,"7"
2019-07-01,573,2019,26,"7"
2019-07-08,526,2019,27,"7"
2019-07-15,349,2019,28,"7"
2019-07-22,394,2019,29,"7"
2019-07-29,360,2019,30,"7"
2019-08-05,374,2019,31,"7"
2019-08-12,344,2019,32,"7"
2019-08-19,411,2019,33,"7"
2019-08-26,404,2019,34,"7"
2019-09-02,378,2019,35,"7"
2019-09-09,328,2019,36,"7"
2019-09-16,461,2019,37,"7"
2019-09-23,419,2019,38,"7"
2019-09-30,343,2019,39,"7"
2019-10-07,270,2019,40,"7"
2019-10-14,293,2019,41,"7"
2019-10-21,396,2019,42,"7"
2019-10-28,403,2019,43,"7"
2019-11-04,475,2019,44,"7"
2019-11-11,416,2019,45,"7"
2019-11-18,411,2019,46,"7"
2019-11-25,363,2019,47,"7"
2019-12-02,462,2019,48,"7"
2019-12-09,330,2019,49,"7"
2019-12-16,320,2019,50,"7"
2019-12-23,269,2019,51,"7"
2019-12-30,303,2019,52,"7"
2020-01-06,265,2020,1,"7"
2020-01-13,271,2020,2,"7"
2020-01-20,321,2020,3,"7"
2020-01-27,300,2020,4,"7"
2020-02-03,281,2020,5,"7"
2020-02-10,263,2020,6,"7"
2020-02-17,379,2020,7,"7"
2020-02-24,312,2020,8,"7"
2020-03-02,294,2020,9,"7"
2020-03-09,244,2020,10,"7"
2020-03-16,206,2020,11,"7"
2020-03-23,244,2020,12,"7"
2020-03-30,195,2020,13,"7"
2020-04-06,173,2020,14,"7"
2020-04-13,167,2020,15,"7"
2020-04-20,144,2020,16,"7"
2020-04-27,152,2020,17,"7"
2020-05-04,241,2020,18,"7"
2020-05-11,294,2020,19,"7"
2020-05-18,254,2020,20,"7"
2020-05-25,236,2020,21,"7"
2020-06-01,307,2020,22,"7"
2020-06-08,274,2020,23,"7"
2020-06-15,37,2020,24,"7"
2016-06-13,123,2016,24,"8"
2016-06-20,364,2016,25,"8"
2016-06-27,332,2016,26,"8"
2016-07-04,217,2016,27,"8"
2016-07-11,307,2016,28,"8"
2016-07-18,209,2016,29,"8"
2016-07-25,522,2016,30,"8"
2016-08-01,248,2016,31,"8"
2016-08-08,290,2016,32,"8"
2016-08-15,204,2016,33,"8"
2016-08-22,276,2016,34,"8"
2016-08-29,204,2016,35,"8"
2016-09-05,293,2016,36,"8"
2016-09-12,163,2016,37,"8"
2016-09-19,252,2016,38,"8"
2016-09-26,241,2016,39,"8"
2016-10-03,232,2016,40,"8"
2016-10-10,152,2016,41,"8"
2016-10-17,219,2016,42,"8"
2016-10-24,194,2016,43,"8"
2016-10-31,182,2016,44,"8"
2016-11-07,123,2016,45,"8"
2016-11-14,163,2016,46,"8"
2016-11-21,124,2016,47,"8"
2016-11-28,163,2016,48,"8"
2016-12-05,114,2016,49,"8"
2016-12-12,239,2016,50,"8"
2016-12-19,174,2016,51,"8"
2016-12-26,150,2016,52,"8"
2017-01-02,156,2017,1,"8"
2017-01-09,192,2017,2,"8"
2017-01-16,552,2017,3,"8"
2017-01-23,260,2017,4,"8"
2017-01-30,349,2017,5,"8"
2017-02-06,221,2017,6,"8"
2017-02-13,112,2017,7,"8"
2017-02-20,171,2017,8,"8"
2017-02-27,110,2017,9,"8"
2017-03-06,162,2017,10,"8"
2017-03-13,260,2017,11,"8"
2017-03-20,314,2017,12,"8"
2017-03-27,221,2017,13,"8"
2017-04-03,271,2017,14,"8"
2017-04-10,232,2017,15,"8"
2017-04-17,236,2017,16,"8"
2017-04-24,184,2017,17,"8"
2017-05-01,218,2017,18,"8"
2017-05-08,183,2017,19,"8"
2017-05-15,227,2017,20,"8"
2017-05-22,191,2017,21,"8"
2017-05-29,206,2017,22,"8"
2017-06-05,155,2017,23,"8"
2017-06-12,157,2017,24,"8"
2017-06-19,108,2017,25,"8"
2017-06-26,149,2017,26,"8"
2017-07-03,120,2017,27,"8"
2017-07-10,90,2017,28,"8"
2017-07-17,100,2017,29,"8"
2017-07-24,107,2017,30,"8"
2017-07-31,112,2017,31,"8"
2017-08-07,146,2017,32,"8"
2017-08-14,120,2017,33,"8"
2017-08-21,107,2017,34,"8"
2017-08-28,95,2017,35,"8"
2017-09-04,166,2017,36,"8"
2017-09-11,107,2017,37,"8"
2017-09-18,140,2017,38,"8"
2017-09-25,78,2017,39,"8"
2017-10-02,92,2017,40,"8"
2017-10-09,85,2017,41,"8"
2017-10-16,90,2017,42,"8"
2017-10-23,81,2017,43,"8"
2017-10-30,75,2017,44,"8"
2017-11-06,88,2017,45,"8"
2017-11-13,104,2017,46,"8"
2017-11-20,73,2017,47,"8"
2017-11-27,79,2017,48,"8"
2017-12-04,66,2017,49,"8"
2017-12-11,68,2017,50,"8"
2017-12-18,75,2017,51,"8"
2017-12-25,65,2017,52,"8"
2018-01-01,69,2018,1,"8"
2018-01-08,65,2018,2,"8"
2018-01-15,68,2018,3,"8"
2018-01-22,54,2018,4,"8"
2018-01-29,86,2018,5,"8"
2018-02-05,67,2018,6,"8"
2018-02-12,44,2018,7,"8"
2018-02-19,74,2018,8,"8"
2018-02-26,110,2018,9,"8"
2018-03-05,50,2018,10,"8"
2018-03-12,54,2018,11,"8"
2018-03-19,57,2018,12,"8"
2018-03-26,61,2018,13,"8"
2018-04-02,51,2018,14,"8"
2018-04-09,60,2018,15,"8"
2018-04-16,57,2018,16,"8"
2018-04-23,60,2018,17,"8"
2018-04-30,67,2018,18,"8"
2018-05-07,87,2018,19,"8"
2018-05-14,67,2018,20,"8"
2018-05-21,74,2018,21,"8"
2018-05-28,55,2018,22,"8"
2018-06-04,49,2018,23,"8"
2018-06-11,58,2018,24,"8"
2018-06-18,62,2018,25,"8"
2018-06-25,62,2018,26,"8"
2018-07-02,41,2018,27,"8"
2018-07-09,45,2018,28,"8"
2018-07-16,56,2018,29,"8"
2018-07-23,51,2018,30,"8"
2018-07-30,67,2018,31,"8"
2018-08-06,67,2018,32,"8"
2018-08-13,57,2018,33,"8"
2018-08-20,89,2018,34,"8"
2018-08-27,60,2018,35,"8"
2018-09-03,90,2018,36,"8"
2018-09-10,46,2018,37,"8"
2018-09-17,56,2018,38,"8"
2018-09-24,90,2018,39,"8"
2018-10-01,63,2018,40,"8"
2018-10-08,64,2018,41,"8"
2018-10-15,58,2018,42,"8"
2018-10-22,69,2018,43,"8"
2018-10-29,62,2018,44,"8"
2018-11-05,58,2018,45,"8"
2018-11-12,62,2018,46,"8"
2018-11-19,47,2018,47,"8"
2018-11-26,49,2018,48,"8"
2018-12-03,52,2018,49,"8"
2018-12-10,40,2018,50,"8"
2018-12-17,42,2018,51,"8"
2018-12-24,43,2018,52,"8"
2018-12-31,51,2018,53,"8"
2019-01-07,53,2019,1,"8"
2019-01-14,51,2019,2,"8"
2019-01-21,36,2019,3,"8"
2019-01-28,38,2019,4,"8"
2019-02-04,49,2019,5,"8"
2019-02-11,55,2019,6,"8"
2019-02-18,124,2019,7,"8"
2019-02-25,79,2019,8,"8"
2019-03-04,53,2019,9,"8"
2019-03-11,72,2019,10,"8"
2019-03-18,72,2019,11,"8"
2019-03-25,60,2019,12,"8"
2019-04-01,61,2019,13,"8"
2019-04-08,45,2019,14,"8"
2019-04-15,60,2019,15,"8"
2019-04-22,56,2019,16,"8"
2019-04-29,52,2019,17,"8"
2019-05-06,44,2019,18,"8"
2019-05-13,47,2019,19,"8"
2019-05-20,48,2019,20,"8"
2019-05-27,74,2019,21,"8"
2019-06-03,69,2019,22,"8"
2019-06-10,87,2019,23,"8"
2019-06-17,64,2019,24,"8"
2019-06-24,46,2019,25,"8"
2019-07-01,63,2019,26,"8"
2019-07-08,51,2019,27,"8"
2019-07-15,38,2019,28,"8"
2019-07-22,55,2019,29,"8"
2019-07-29,78,2019,30,"8"
2019-08-05,41,2019,31,"8"
2019-08-12,67,2019,32,"8"
2019-08-19,91,2019,33,"8"
2019-08-26,44,2019,34,"8"
2019-09-02,63,2019,35,"8"
2019-09-09,60,2019,36,"8"
2019-09-16,58,2019,37,"8"
2019-09-23,54,2019,38,"8"
2019-09-30,75,2019,39,"8"
2019-10-07,39,2019,40,"8"
2019-10-14,73,2019,41,"8"
2019-10-21,45,2019,42,"8"
2019-10-28,73,2019,43,"8"
2019-11-04,37,2019,44,"8"
2019-11-11,58,2019,45,"8"
2019-11-18,41,2019,46,"8"
2019-11-25,28,2019,47,"8"
2019-12-02,60,2019,48,"8"
2019-12-09,40,2019,49,"8"
2019-12-16,40,2019,50,"8"
2019-12-23,25,2019,51,"8"
2019-12-30,37,2019,52,"8"
2020-01-06,41,2020,1,"8"
2020-01-13,30,2020,2,"8"
2020-01-20,28,2020,3,"8"
2020-01-27,30,2020,4,"8"
2020-02-03,30,2020,5,"8"
2020-02-10,34,2020,6,"8"
2020-02-17,32,2020,7,"8"
2020-02-24,24,2020,8,"8"
2020-03-02,42,2020,9,"8"
2020-03-09,47,2020,10,"8"
2020-03-16,44,2020,11,"8"
2020-03-23,23,2020,12,"8"
2020-03-30,27,2020,13,"8"
2020-04-06,23,2020,14,"8"
2020-04-13,20,2020,15,"8"
2020-04-20,46,2020,16,"8"
2020-04-27,56,2020,17,"8"
2020-05-04,30,2020,18,"8"
2020-05-11,23,2020,19,"8"
2020-05-18,47,2020,20,"8"
2020-05-25,27,2020,21,"8"
2020-06-01,39,2020,22,"8"
2020-06-08,49,2020,23,"8"
2020-06-15,3,2020,24,"8"
